# Blender v2.91.2 OBJ File: ''
# www.blender.org
mtllib cutter.mtl
o Sphere
v 0.000000 4844.120117 -767.233276
v 0.000000 4768.990723 -1144.933472
v 0.000000 4664.458984 -1515.574585
v 0.000000 4531.169434 -1876.871948
v 0.000000 4369.943848 -2226.597656
v 0.000000 4181.775879 -2562.595459
v 0.000000 3967.825928 -2882.794189
v 0.000000 3729.412842 -3185.219727
v 0.000000 3468.006592 -3468.007080
v 0.000000 3185.219238 -3729.413086
v 0.000000 2882.793701 -3967.826172
v 0.000000 2562.594727 -4181.776367
v 0.000000 2226.596680 -4369.944336
v 0.000000 1876.870728 -4531.169922
v 0.000000 1515.573364 -4664.459473
v 0.000000 1144.931885 -4768.990723
v 0.000000 767.231567 -4844.120117
v 0.000000 384.801025 -4889.383789
v 0.000000 -384.804962 -4889.383301
v 0.000000 -767.235474 -4844.119629
v 0.000000 -1144.935791 -4768.990234
v 0.000000 -1515.577148 -4664.458008
v 0.000000 -1876.874390 -4531.168457
v 0.000000 -2226.600098 -4369.942383
v 0.000000 -2562.598145 -4181.774414
v 0.000000 -2882.796875 -3967.823730
v 0.000000 -3185.222168 -3729.410889
v 0.000000 -3468.009521 -3468.004639
v 0.000000 -3729.415283 -3185.216797
v 0.000000 -3967.828125 -2882.791016
v 0.000000 -4181.777832 -2562.592285
v 0.000000 -4369.945312 -2226.593750
v 0.000000 -4531.170898 -1876.867798
v 0.000000 -4768.991699 -1144.928833
v 0.000000 -4844.120605 -767.228455
v 149.680786 4844.120117 -752.491028
v 223.366425 4768.990723 -1122.933716
v 295.674957 4664.458984 -1486.453003
v 366.160553 4531.169434 -1840.808228
v 434.388641 4369.943848 -2183.813965
v 499.938538 4181.775879 -2513.355713
v 562.406250 3967.825928 -2827.402100
v 621.406616 3729.412842 -3124.016357
v 676.575684 3468.006592 -3401.370361
v 727.573425 3185.219238 -3657.753418
v 774.085510 2882.793701 -3891.585205
v 815.825134 2562.594727 -4101.424316
v 852.534851 2226.596680 -4285.977051
v 883.988403 1876.870728 -4444.104492
v 909.991943 1515.573364 -4574.833008
v 930.385010 1144.931885 -4677.355957
v 945.041992 767.231567 -4751.041992
v 953.872437 384.801025 -4795.435547
v 956.822021 -0.001968 -4810.263672
v 953.872375 -384.804962 -4795.435059
v 945.041870 -767.235474 -4751.041016
v 930.384827 -1144.935791 -4677.354980
v 909.991699 -1515.577148 -4574.832031
v 883.988159 -1876.874390 -4444.103027
v 852.534485 -2226.600098 -4285.974609
v 815.824707 -2562.598145 -4101.422363
v 774.085083 -2882.796875 -3891.583008
v 727.572998 -3185.222168 -3657.751221
v 676.575195 -3468.009521 -3401.367676
v 621.406006 -3729.415283 -3124.013916
v 562.405640 -3967.828125 -2827.398926
v 499.937927 -4181.777832 -2513.352539
v 434.387909 -4369.945312 -2183.810303
v 366.159760 -4531.170898 -1840.804077
v 295.674133 -4664.460449 -1486.448975
v 223.365555 -4768.991699 -1122.929321
v 149.679840 -4844.120605 -752.486267
v 75.071342 -4889.383789 -377.404022
v 293.609406 4844.120117 -708.830750
v 438.148987 4768.990723 -1057.780151
v 579.987244 4664.458984 -1400.207764
v 718.249756 4531.169434 -1734.003174
v 852.083984 4369.943848 -2057.107178
v 980.664795 4181.775879 -2367.529053
v 1103.199585 3967.825928 -2663.354248
v 1218.932861 3729.412842 -2942.758789
v 1327.150879 3468.006592 -3204.020508
v 1427.186768 3185.219238 -3445.528076
v 1518.423218 2882.793701 -3665.792969
v 1600.298462 2562.594727 -3863.457031
v 1672.307251 2226.596680 -4037.301514
v 1734.005615 1876.870728 -4186.254883
v 1785.013306 1515.573364 -4309.397949
v 1825.015747 1144.931885 -4405.972656
v 1853.766479 767.231567 -4475.383301
v 1871.088013 384.801025 -4517.201172
v 1876.873901 -0.001968 -4531.168945
v 1871.088013 -384.804962 -4517.200684
v 1853.766235 -767.235474 -4475.382324
v 1825.015503 -1144.935791 -4405.971680
v 1785.012939 -1515.577148 -4309.396973
v 1734.005005 -1876.874390 -4186.253418
v 1672.306519 -2226.600098 -4037.299561
v 1600.297607 -2562.598145 -3863.455078
v 1518.422363 -2882.796875 -3665.790771
v 1427.185669 -3185.222168 -3445.525635
v 1327.149780 -3468.009521 -3204.017822
v 1218.931763 -3729.415283 -2942.756348
v 1103.198364 -3967.828125 -2663.351318
v 980.663513 -4181.777832 -2367.525879
v 852.082520 -4369.945312 -2057.103760
v 718.248230 -4531.170898 -1733.999146
v 579.985596 -4664.460449 -1400.203857
v 438.147247 -4768.991699 -1057.775879
v 293.607574 -4844.120605 -708.826233
v 147.257736 -4889.383789 -355.506500
v 426.254822 4844.120117 -637.930298
v 636.093811 4768.990723 -951.976440
v 842.010925 4664.458984 -1260.153076
v 1042.736938 4531.169434 -1560.561035
v 1237.034058 4369.943848 -1851.346924
v 1423.704590 4181.775879 -2130.719238
v 1601.597656 3967.825928 -2396.954834
v 1769.616089 3729.412842 -2648.412354
v 1926.724365 3468.006592 -2883.541992
v 2071.954102 3185.219238 -3100.893066
v 2204.408936 2882.793701 -3299.125977
v 2323.273193 2562.594727 -3477.018799
v 2427.813721 2226.596680 -3633.475098
v 2517.385742 1876.870728 -3767.529297
v 2591.437500 1515.573364 -3878.355225
v 2649.512207 1144.931885 -3965.270020
v 2691.251465 767.231567 -4027.738037
v 2716.398682 384.801025 -4065.373047
v 2724.798340 -0.001968 -4077.943848
v 2716.398438 -384.804962 -4065.372559
v 2691.251221 -767.235474 -4027.737061
v 2649.511475 -1144.935791 -3965.269043
v 2591.436768 -1515.577148 -3878.354004
v 2517.385010 -1876.874390 -3767.527832
v 2427.812744 -2226.600098 -3633.472900
v 2323.272217 -2562.598145 -3477.017090
v 2204.407715 -2882.796875 -3299.124023
v 2071.952637 -3185.222168 -3100.890625
v 1926.722778 -3468.009521 -2883.539307
v 1769.614624 -3729.415283 -2648.410156
v 1601.595825 -3967.828125 -2396.952637
v 1423.702759 -4181.777832 -2130.716309
v 1237.032104 -4369.945312 -1851.343994
v 1042.734741 -4531.170898 -1560.557495
v 842.008606 -4664.460449 -1260.149536
v 636.091187 -4768.991699 -951.972656
v 426.252106 -4844.120605 -637.926208
v 213.785095 -4889.383789 -319.946869
v 542.519409 4844.120117 -542.514343
v 809.593872 4768.990723 -809.588684
v 1071.676636 4664.458984 -1071.671387
v 1327.152344 4531.169434 -1327.147217
v 1574.445557 4369.943848 -1574.440186
v 1812.032349 4181.775879 -1812.026733
v 2038.447021 3967.825928 -2038.441650
v 2252.293945 3729.412842 -2252.288574
v 2452.254639 3468.006592 -2452.250244
v 2637.096924 3185.219238 -2637.091797
v 2805.680176 2882.793701 -2805.675049
v 2956.965820 2562.594727 -2956.960938
v 3090.020752 2226.596680 -3090.015625
v 3204.024170 1876.870728 -3204.019775
v 3298.273926 1515.573364 -3298.269287
v 3372.189209 1144.931885 -3372.183838
v 3425.313477 767.231567 -3425.308594
v 3457.319824 384.801025 -3457.314453
v 3468.010498 -0.001968 -3468.005371
v 3457.319336 -384.804962 -3457.314209
v 3425.312988 -767.235474 -3425.308105
v 3372.188232 -1144.935791 -3372.183350
v 3298.272949 -1515.577148 -3298.268311
v 3204.023193 -1876.874390 -3204.018311
v 3090.019287 -2226.600098 -3090.013916
v 2956.964111 -2562.598145 -2956.959229
v 2805.678711 -2882.796875 -2805.673584
v 2637.095215 -3185.222168 -2637.089844
v 2452.252686 -3468.009521 -2452.247803
v 2252.292236 -3729.415283 -2252.286865
v 2038.444824 -3967.828125 -2038.439697
v 1812.029785 -4181.777832 -1812.024414
v 1574.443115 -4369.945312 -1574.437866
v 1327.149536 -4531.170898 -1327.144287
v 1071.673584 -4664.460449 -1071.668335
v 809.590515 -4768.991699 -809.585449
v 542.516052 -4844.120605 -542.510864
v 272.096832 -4889.383789 -272.091705
v 637.935364 4844.120117 -426.249664
v 951.981689 4768.990723 -636.088623
v 1260.158325 4664.458984 -842.005676
v 1560.566040 4531.169434 -1042.731812
v 1851.352051 4369.943848 -1237.028564
v 2130.724365 4181.775879 -1423.698975
v 2396.959961 3967.825928 -1601.592041
v 2648.417480 3729.412842 -1769.610596
v 2883.546631 3468.006592 -1926.719482
v 3100.897705 3185.219238 -2071.948730
v 3299.130615 2882.793701 -2204.403564
v 3477.023926 2562.594727 -2323.268066
v 3633.479736 2226.596680 -2427.808594
v 3767.533691 1876.870728 -2517.381348
v 3878.359619 1515.573364 -2591.432373
v 3965.274658 1144.931885 -2649.506592
v 4027.742432 767.231567 -2691.246826
v 4065.377686 384.801025 -2716.393555
v 4077.948730 -0.001968 -2724.793213
v 4065.376953 -384.804962 -2716.393555
v 4027.741699 -767.235474 -2691.246582
v 3965.273926 -1144.935791 -2649.506348
v 3878.358398 -1515.577148 -2591.431885
v 3767.532227 -1876.874390 -2517.380371
v 3633.478027 -2226.600098 -2427.807129
v 3477.021729 -2562.598145 -2323.266602
v 3299.128906 -2882.796875 -2204.402588
v 3100.895508 -3185.222168 -2071.947021
v 2883.543945 -3468.009521 -1926.717529
v 2648.415039 -3729.415283 -1769.609131
v 2396.957275 -3967.828125 -1601.590576
v 2130.721680 -4181.777832 -1423.697144
v 1851.349243 -4369.945312 -1237.026611
v 1560.562744 -4531.170898 -1042.729370
v 1260.154907 -4664.460449 -842.003235
v 951.977722 -4768.991699 -636.086121
v 637.931335 -4844.120605 -426.246918
v 319.951996 -4889.383789 -213.779984
v 708.835815 4844.120117 -293.604279
v 1057.785400 4768.990723 -438.143799
v 1400.212891 4664.458984 -579.981934
v 1734.008057 4531.169434 -718.244507
v 2057.112061 4369.943848 -852.078369
v 2367.534180 4181.775879 -980.659058
v 2663.359131 3967.825928 -1103.194214
v 2942.763672 3729.412842 -1218.927124
v 3204.025146 3468.006592 -1327.145874
v 3445.532715 3185.219238 -1427.181519
v 3665.797607 2882.793701 -1518.417969
v 3863.461670 2562.594727 -1600.293213
v 4037.306152 2226.596680 -1672.302002
v 4186.259277 1876.870728 -1734.001099
v 4309.402344 1515.573364 -1785.008179
v 4405.977051 1144.931885 -1825.010254
v 4475.387695 767.231567 -1853.761597
v 4517.205078 384.801025 -1871.082642
v 4531.173828 -0.001968 -1876.868530
v 4517.204590 -384.804962 -1871.082764
v 4475.386719 -767.235474 -1853.761230
v 4405.976074 -1144.935791 -1825.010254
v 4309.400879 -1515.577148 -1785.007935
v 4186.257324 -1876.874390 -1734.000244
v 4037.304199 -2226.600098 -1672.300781
v 3863.459229 -2562.598145 -1600.292236
v 3665.795410 -2882.796875 -1518.417114
v 3445.530029 -3185.222168 -1427.180176
v 3204.022217 -3468.009521 -1327.144409
v 2942.760986 -3729.415283 -1218.926270
v 2663.356201 -3967.828125 -1103.193237
v 2367.530762 -4181.777832 -980.657898
v 2057.108887 -4369.945312 -852.077026
v 1734.004272 -4531.170898 -718.242859
v 1400.209106 -4664.460449 -579.980225
v 1057.781006 -4768.991699 -438.142212
v 708.831360 -4844.120605 -293.602356
v 355.511597 -4889.383789 -147.252609
v 752.496155 4844.120117 -149.675644
v 1122.938965 4768.990723 -223.361221
v 1486.458008 4664.458984 -295.669647
v 1840.812988 4531.169434 -366.155304
v 2183.818359 4369.943848 -434.383148
v 2513.360352 4181.775879 -499.932770
v 2827.406494 3967.825928 -562.400879
v 3124.020752 3729.412842 -621.401062
v 3401.374756 3468.006592 -676.570740
v 3657.757812 3185.219238 -727.568298
v 3891.589600 2882.793701 -774.080322
v 4101.428711 2562.594727 -815.819885
v 4285.981445 2226.596680 -852.529663
v 4444.108887 1876.870728 -883.983887
v 4574.836914 1515.573364 -909.986938
v 4677.359863 1144.931885 -930.379456
v 4751.045898 767.231567 -945.037170
v 4795.439453 384.801025 -953.867188
v 4810.268066 -0.001968 -956.816833
v 4795.438477 -384.804962 -953.867432
v 4751.045410 -767.235474 -945.037048
v 4677.358887 -1144.935791 -930.379700
v 4574.835449 -1515.577148 -909.986877
v 4444.107422 -1876.874390 -883.983398
v 4285.979004 -2226.600098 -852.528870
v 4101.426270 -2562.598145 -815.819458
v 3891.587402 -2882.796875 -774.079895
v 3657.754883 -3185.222168 -727.567688
v 3401.371826 -3468.009521 -676.569824
v 3124.018311 -3729.415283 -621.400574
v 2827.403564 -3967.828125 -562.400513
v 2513.357178 -4181.777832 -499.932312
v 2183.815186 -4369.945312 -434.382416
v 1840.809082 -4531.170898 -366.154419
v 1486.453979 -4664.460449 -295.668732
v 1122.934326 -4768.991699 -223.360474
v 752.491394 -4844.120605 -149.674606
v 377.409058 -4889.383789 -75.066231
v 767.238464 4844.120117 0.005159
v 1144.938599 4768.990723 0.005214
v 1515.579468 4664.458984 0.005250
v 1876.876587 4531.169434 0.005177
v 2226.602051 4369.943848 0.005360
v 2562.599854 4181.775879 0.005689
v 2882.798340 3967.825928 0.005250
v 3185.223877 3729.412842 0.005360
v 3468.011475 3468.006592 0.004775
v 3729.417480 3185.219238 0.004995
v 3967.830322 2882.793701 0.004995
v 4181.780273 2562.594727 0.005068
v 4369.948242 2226.596680 0.005068
v 4531.173828 1876.870728 0.004410
v 4664.463379 1515.573364 0.004702
v 4768.994629 1144.931885 0.005287
v 4844.124512 767.231567 0.004629
v 4889.387695 384.801025 0.004995
v 4904.507324 -0.001968 0.005068
v 4889.386719 -384.804962 0.004702
v 4844.124023 -767.235474 0.004702
v 4768.993652 -1144.935791 0.004922
v 4664.461914 -1515.577148 0.004556
v 4531.172363 -1876.874390 0.004556
v 4369.945801 -2226.600098 0.005433
v 4181.777832 -2562.598145 0.004995
v 3967.827881 -2882.796875 0.004995
v 3729.414307 -3185.222168 0.004995
v 3468.008301 -3468.009521 0.005068
v 3185.220947 -3729.415283 0.005250
v 2882.795410 -3967.828125 0.005068
v 2562.596680 -4181.777832 0.005543
v 2226.598633 -4369.945312 0.005470
v 1876.872559 -4531.170898 0.005287
v 1515.575195 -4664.460449 0.005360
v 1144.933960 -4768.991699 0.005068
v 767.233582 -4844.120605 0.005241
v 384.802917 -4889.383789 0.005104
v 752.496216 4844.120117 149.685959
v 1122.938843 4768.990723 223.371658
v 1486.458008 4664.458984 295.680115
v 1840.812866 4531.169434 366.165680
v 2183.818359 4369.943848 434.393860
v 2513.359863 4181.775879 499.944092
v 2827.405518 3967.825928 562.411316
v 3124.020264 3729.412842 621.411682
v 3401.374756 3468.006592 676.580200
v 3657.757812 3185.219238 727.578247
v 3891.589355 2882.793701 774.090271
v 4101.428711 2562.594727 815.829956
v 4285.980957 2226.596680 852.539673
v 4444.108887 1876.870728 883.992615
v 4574.836914 1515.573364 909.996338
v 4677.359375 1144.931885 930.390015
v 4751.045898 767.231567 945.046387
v 4795.438965 384.801025 953.877136
v 4810.268555 -0.001968 956.826904
v 4795.438477 -384.804962 953.876770
v 4751.045410 -767.235474 945.046387
v 4677.358887 -1144.935791 930.389404
v 4574.835449 -1515.577148 909.995972
v 4444.107422 -1876.874390 883.992432
v 4285.978027 -2226.600098 852.539490
v 4101.425781 -2562.598145 815.829346
v 3891.587158 -2882.796875 774.089844
v 3657.754639 -3185.222168 727.577576
v 3401.371338 -3468.009521 676.579956
v 3124.017334 -3729.415283 621.410950
v 2827.403320 -3967.828125 562.410583
v 2513.356689 -4181.777832 499.943329
v 2183.815186 -4369.945312 434.393341
v 1840.808960 -4531.170898 366.164978
v 1486.453735 -4664.460449 295.679413
v 1122.934326 -4768.991699 223.370590
v 752.491394 -4844.120605 149.685089
v 377.409027 -4889.383789 75.076431
v 708.835938 4844.120117 293.614594
v 1057.785278 4768.990723 438.154266
v 1400.212769 4664.458984 579.992371
v 1734.007812 4531.169434 718.254700
v 2057.111816 4369.943848 852.089050
v 2367.532959 4181.775879 980.670044
v 2663.357666 3967.825928 1103.204224
v 2942.762451 3729.412842 1218.937622
v 3204.024902 3468.006592 1327.155396
v 3445.532471 3185.219238 1427.191406
v 3665.796875 2882.793701 1518.427979
v 3863.460938 2562.594727 1600.303223
v 4037.305420 2226.596680 1672.311890
v 4186.258789 1876.870728 1734.009521
v 4309.401855 1515.573364 1785.017578
v 4405.976074 1144.931885 1825.020386
v 4475.387207 767.231567 1853.770752
v 4517.204590 384.801025 1871.092407
v 4531.173340 -0.001968 1876.878540
v 4517.204102 -384.804962 1871.092163
v 4475.386719 -767.235474 1853.770630
v 4405.975586 -1144.935791 1825.019897
v 4309.400879 -1515.577148 1785.016968
v 4186.257324 -1876.874390 1734.009277
v 4037.302734 -2226.600098 1672.311035
v 3863.458496 -2562.598145 1600.302002
v 3665.794678 -2882.796875 1518.427124
v 3445.529297 -3185.222168 1427.190063
v 3204.021729 -3468.009521 1327.154419
v 2942.759766 -3729.415283 1218.936401
v 2663.355225 -3967.828125 1103.203125
v 2367.530273 -4181.777832 980.668701
v 2057.108643 -4369.945312 852.087891
v 1734.004028 -4531.170898 718.253235
v 1400.208740 -4664.460449 579.990845
v 1057.781006 -4768.991699 438.152313
v 708.831360 -4844.120605 293.612793
v 355.511505 -4889.383789 147.262802
v 637.935608 4844.120117 426.260010
v 951.981567 4768.990723 636.098999
v 1260.158203 4664.458984 842.016052
v 1560.565674 4531.169434 1042.741821
v 1851.351685 4369.943848 1237.039062
v 2130.723145 4181.775879 1423.709717
v 2396.958496 3967.825928 1601.601807
v 2648.416016 3729.412842 1769.620605
v 2883.546143 3468.006592 1926.728882
v 3100.896973 3185.219238 2071.958496
v 3299.129883 2882.793701 2204.413330
v 3477.022949 2562.594727 2323.277832
v 3633.478516 2226.596680 2427.818359
v 3767.533203 1876.870728 2517.389648
v 3878.359131 1515.573364 2591.441406
v 3965.273193 1144.931885 2649.516357
v 4027.741699 767.231567 2691.255859
v 4065.376465 384.801025 2716.402832
v 4077.948242 -0.001968 2724.802979
v 4065.376221 -384.804962 2716.402100
v 4027.741455 -767.235474 2691.255615
v 3965.272949 -1144.935791 2649.515625
v 3878.358154 -1515.577148 2591.440674
v 3767.531982 -1876.874390 2517.388916
v 3633.476318 -2226.600098 2427.816895
v 3477.020264 -2562.598145 2323.276123
v 3299.127686 -2882.796875 2204.412109
v 3100.894043 -3185.222168 2071.956543
v 2883.543213 -3468.009521 1926.727173
v 2648.413574 -3729.415283 1769.618896
v 2396.956299 -3967.828125 1601.600220
v 2130.720703 -4181.777832 1423.707642
v 1851.348755 -4369.945312 1237.037354
v 1560.562378 -4531.170898 1042.739746
v 1260.154541 -4664.460449 842.013794
v 951.977783 -4768.991699 636.096252
v 637.931335 -4844.120605 426.257324
v 319.951935 -4889.383789 213.790146
v 542.519592 4844.120117 542.524658
v 809.593750 4768.990723 809.598999
v 1071.676392 4664.458984 1071.681641
v 1327.151978 4531.169434 1327.157349
v 1574.445190 4369.943848 1574.450562
v 1812.030884 4181.775879 1812.037109
v 2038.445557 3967.825928 2038.450928
v 2252.292236 3729.412842 2252.298340
v 2452.254150 3468.006592 2452.259521
v 2637.095703 3185.219238 2637.101318
v 2805.678955 2882.793701 2805.684326
v 2956.964600 2562.594727 2956.970215
v 3090.019287 2226.596680 3090.024658
v 3204.023438 1876.870728 3204.027832
v 3298.273193 1515.573364 3298.278076
v 3372.187500 1144.931885 3372.193115
v 3425.312500 767.231567 3425.317383
v 3457.318115 384.801025 3457.323242
v 3468.009521 -0.001968 3468.014648
v 3457.318115 -384.804962 3457.322998
v 3425.312500 -767.235474 3425.317139
v 3372.187256 -1144.935791 3372.192139
v 3298.272461 -1515.577148 3298.276855
v 3204.022217 -1876.874390 3204.027100
v 3090.017090 -2226.600098 3090.022949
v 2956.962646 -2562.598145 2956.968018
v 2805.677246 -2882.796875 2805.682861
v 2637.093018 -3185.222168 2637.098633
v 2452.251465 -3468.009521 2452.257080
v 2252.290527 -3729.415283 2252.296143
v 2038.443604 -3967.828125 2038.449097
v 1812.028809 -4181.777832 1812.034668
v 1574.442627 -4369.945312 1574.448242
v 1327.149048 -4531.170898 1327.154541
v 1071.673340 -4664.460449 1071.678711
v 809.590515 -4768.991699 809.595459
v 542.515991 -4844.120605 542.521240
v 272.096741 -4889.383789 272.101837
v 426.254913 4844.120117 637.940552
v 636.093689 4768.990723 951.986694
v 842.010681 4664.458984 1260.163330
v 1042.736572 4531.169434 1560.570801
v 1237.033447 4369.943848 1851.357178
v 1423.703247 4181.775879 2130.729248
v 1601.596191 3967.825928 2396.963867
v 1769.614502 3729.412842 2648.421387
v 1926.723633 3468.006592 2883.551025
v 2071.952637 3185.219238 3100.901855
v 2204.407715 2882.793701 3299.134521
v 2323.271973 2562.594727 3477.027832
v 2427.812500 2226.596680 3633.483887
v 2517.384521 1876.870728 3767.537354
v 2591.436523 1515.573364 3878.363525
v 2649.510498 1144.931885 3965.278320
v 2691.250244 767.231567 4027.746094
v 2716.397217 384.801025 4065.381104
v 2724.797363 -0.001968 4077.952637
v 2716.397217 -384.804962 4065.380615
v 2691.250732 -767.235474 4027.745850
v 2649.510010 -1144.935791 3965.277588
v 2591.436279 -1515.577148 3878.362305
v 2517.384033 -1876.874390 3767.536377
v 2427.810791 -2226.600098 3633.481445
v 2323.270752 -2562.598145 3477.025391
v 2204.406494 -2882.796875 3299.132812
v 2071.950439 -3185.222168 3100.898926
v 1926.721558 -3468.009521 2883.548096
v 1769.613159 -3729.415283 2648.418945
v 1601.594849 -3967.828125 2396.961670
v 1423.701660 -4181.777832 2130.726318
v 1237.031616 -4369.945312 1851.354248
v 1042.734253 -4531.170898 1560.567749
v 842.008240 -4664.460449 1260.159912
v 636.091187 -4768.991699 951.982666
v 426.252045 -4844.120605 637.936523
v 213.785065 -4889.383789 319.957031
v 293.609497 4844.120117 708.840942
v 438.148926 4768.990723 1057.790283
v 579.987061 4664.458984 1400.217896
v 718.249390 4531.169434 1734.012817
v 852.083374 4369.943848 2057.117188
v 980.663635 4181.775879 2367.538818
v 1103.198486 3967.825928 2663.362549
v 1218.931519 3729.412842 2942.767334
v 1327.150146 3468.006592 3204.029541
v 1427.185547 3185.219238 3445.536865
v 1518.422241 2882.793701 3665.801025
v 1600.297363 2562.594727 3863.465820
v 1672.306274 2226.596680 4037.310059
v 1734.004761 1876.870728 4186.262207
v 1785.012451 1515.573364 4309.405762
v 1825.014282 1144.931885 4405.980469
v 1853.765381 767.231567 4475.391113
v 1871.086914 384.801025 4517.208496
v 1876.873169 -0.001968 4531.177246
v 1871.087036 -384.804962 4517.208008
v 1853.765747 -767.235474 4475.390625
v 1825.014038 -1144.935791 4405.979492
v 1785.012329 -1515.577148 4309.404785
v 1734.004272 -1876.874390 4186.261230
v 1672.304932 -2226.600098 4037.307373
v 1600.296753 -2562.598145 3863.462891
v 1518.421509 -2882.796875 3665.799072
v 1427.184082 -3185.222168 3445.533447
v 1327.148682 -3468.009521 3204.026123
v 1218.930664 -3729.415283 2942.764404
v 1103.197632 -3967.828125 2663.360107
v 980.662598 -4181.777832 2367.535400
v 852.082092 -4369.945312 2057.114014
v 718.247803 -4531.170898 1734.009399
v 579.985229 -4664.460449 1400.214233
v 438.147217 -4768.991699 1057.785889
v 293.607483 -4844.120605 708.836426
v 147.257706 -4889.383789 355.516632
v 149.680878 4844.120117 752.501160
v 223.366364 4768.990723 1122.943848
v 295.674774 4664.458984 1486.463013
v 366.160309 4531.169434 1840.817871
v 434.388153 4369.943848 2183.823486
v 499.937500 4181.775879 2513.364990
v 562.405579 3967.825928 2827.409912
v 621.405579 3729.412842 3124.024658
v 676.575134 3468.006592 3401.379150
v 727.572693 3185.219238 3657.761963
v 774.084839 2882.793701 3891.593018
v 815.824280 2562.594727 4101.433105
v 852.534241 2226.596680 4285.984863
v 883.988037 1876.870728 4444.111816
v 909.991516 1515.573364 4574.839844
v 930.384094 1144.931885 4677.363281
v 945.041199 767.231567 4751.048828
v 953.871704 384.801025 4795.442871
v 956.821716 -0.001968 4810.271973
v 953.871948 -384.804962 4795.442383
v 945.041687 -767.235474 4751.048828
v 930.383850 -1144.935791 4677.362793
v 909.991516 -1515.577148 4574.839355
v 883.987854 -1876.874390 4444.110840
v 852.533447 -2226.600098 4285.981934
v 815.824280 -2562.598145 4101.429688
v 774.084473 -2882.796875 3891.590820
v 727.571899 -3185.222168 3657.758057
v 676.574463 -3468.009521 3401.375244
v 621.405334 -3729.415283 3124.021484
v 562.405090 -3967.828125 2827.407715
v 499.937195 -4181.777832 2513.361572
v 434.387543 -4369.945312 2183.820068
v 366.159363 -4531.170898 1840.814209
v 295.673706 -4664.460449 1486.459229
v 223.365555 -4768.991699 1122.939087
v 149.679764 -4844.120605 752.496277
v 75.071335 -4889.383789 377.414124
v 0.000000 -4904.502441 0.005106
v 0.000092 4844.120117 767.243408
v -0.000045 4768.990723 1144.943481
v -0.000082 4664.458984 1515.584473
v -0.000137 4531.169434 1876.881470
v -0.000356 4369.943848 2226.606934
v -0.000904 4181.775879 2562.604492
v -0.000283 3967.825928 2882.801758
v -0.000575 3729.412842 3185.227783
v -0.000319 3468.006592 3468.015625
v -0.000392 3185.219238 3729.421387
v -0.000173 2882.793701 3967.833496
v -0.000539 2562.594727 4181.784180
v -0.000100 2226.596680 4369.951660
v 0.000192 1876.870728 4531.176758
v 0.000192 1515.573364 4664.466309
v -0.000319 1144.931885 4768.998047
v -0.000246 767.231567 4844.126953
v -0.000173 384.801025 4889.390625
v 0.000119 -0.001968 4904.510742
v 0.000119 -384.804962 4889.390137
v 0.000265 -767.235474 4844.127441
v -0.000392 -1144.935791 4768.997559
v 0.000338 -1515.577148 4664.465332
v 0.000192 -1876.874390 4531.175781
v -0.000392 -2226.600098 4369.948730
v 0.000119 -2562.598145 4181.780762
v -0.000027 -2882.796875 3967.831299
v -0.000392 -3185.222168 3729.417480
v -0.000173 -3468.009521 3468.011963
v -0.000173 -3729.415283 3185.224365
v -0.000210 -3967.828125 2882.799316
v -0.000502 -4181.777832 2562.600586
v -0.000283 -4369.945312 2226.603516
v -0.000319 -4531.170898 1876.877808
v -0.000411 -4664.460449 1515.580444
v 0.000083 -4768.991699 1144.938721
v -0.000045 -4844.120605 767.238403
v 0.000005 -4889.383789 384.807983
v -149.680679 4844.120117 752.501099
v -223.366409 4768.990723 1122.943726
v -295.674927 4664.458984 1486.463013
v -366.160553 4531.169434 1840.817749
v -434.388855 4369.943848 2183.823486
v -499.939209 4181.775879 2513.364502
v -562.406006 3967.825928 2827.409424
v -621.406677 3729.412842 3124.024414
v -676.575562 3468.006592 3401.378418
v -727.573364 3185.219238 3657.761230
v -774.085083 2882.793701 3891.592529
v -815.825134 2562.594727 4101.432129
v -852.534424 2226.596680 4285.984375
v -883.987549 1876.870728 4444.111328
v -909.991028 1515.573364 4574.839844
v -930.384583 1144.931885 4677.362793
v -945.041504 767.231567 4751.048340
v -953.871948 384.801025 4795.442383
v -956.821411 -0.001968 4810.271484
v -953.871521 -384.804962 4795.441406
v -945.041077 -767.235474 4751.048340
v -930.384583 -1144.935791 4677.362305
v -909.990662 -1515.577148 4574.838867
v -883.987305 -1876.874390 4444.110352
v -852.534119 -2226.600098 4285.981445
v -815.823792 -2562.598145 4101.429199
v -774.084473 -2882.796875 3891.590576
v -727.572632 -3185.222168 3657.757812
v -676.574646 -3468.009521 3401.375000
v -621.405579 -3729.415283 3124.021240
v -562.405518 -3967.828125 2827.406982
v -499.938080 -4181.777832 2513.361084
v -434.388092 -4369.945312 2183.819824
v -366.160034 -4531.170898 1840.814209
v -295.674469 -4664.460449 1486.459106
v -223.365372 -4768.991699 1122.938965
v -149.679825 -4844.120605 752.496216
v -75.071312 -4889.383789 377.414093
v -293.609283 4844.120117 708.840759
v -438.148926 4768.990723 1057.790039
v -579.987122 4664.458984 1400.217651
v -718.249512 4531.169434 1734.012695
v -852.083984 4369.943848 2057.116943
v -980.665100 4181.775879 2367.537598
v -1103.198730 3967.825928 2663.361328
v -1218.932373 3729.412842 2942.766846
v -1327.150269 3468.006592 3204.028320
v -1427.186157 3185.219238 3445.535889
v -1518.422241 2882.793701 3665.800049
v -1600.297852 2562.594727 3863.464600
v -1672.306274 2226.596680 4037.309082
v -1734.004028 1876.870728 4186.261230
v -1785.011719 1515.573364 4309.405273
v -1825.014771 1144.931885 4405.979492
v -1853.765381 767.231567 4475.389160
v -1871.086914 384.801025 4517.207520
v -1876.872681 -0.001968 4531.176758
v -1871.086304 -384.804962 4517.207520
v -1853.764771 -767.235474 4475.389648
v -1825.014648 -1144.935791 4405.979004
v -1785.011108 -1515.577148 4309.404297
v -1734.003784 -1876.874390 4186.260742
v -1672.305542 -2226.600098 4037.306152
v -1600.296143 -2562.598145 3863.461914
v -1518.421265 -2882.796875 3665.798096
v -1427.184692 -3185.222168 3445.532715
v -1327.148804 -3468.009521 3204.025391
v -1218.930664 -3729.415283 2942.763672
v -1103.197754 -3967.828125 2663.359375
v -980.663269 -4181.777832 2367.534424
v -852.082520 -4369.945312 2057.113770
v -718.248352 -4531.170898 1734.009277
v -579.985962 -4664.460449 1400.214111
v -438.147034 -4768.991699 1057.785767
v -293.607513 -4844.120605 708.836182
v -147.257690 -4889.383789 355.516602
v -426.254669 4844.120117 637.940308
v -636.093628 4768.990723 951.986267
v -842.010681 4664.458984 1260.163208
v -1042.736694 4531.169434 1560.570679
v -1237.033936 4369.943848 1851.356689
v -1423.704468 4181.775879 2130.727783
v -1601.596191 3967.825928 2396.962402
v -1769.615234 3729.412842 2648.420410
v -1926.723267 3468.006592 2883.549561
v -2071.952881 3185.219238 3100.900635
v -2204.407227 2882.793701 3299.133301
v -2323.272217 2562.594727 3477.026367
v -2427.812256 2226.596680 3633.482422
v -2517.383789 1876.870728 3767.536133
v -2591.435547 1515.573364 3878.362305
v -2649.510742 1144.931885 3965.277344
v -2691.250000 767.231567 4027.744141
v -2716.396973 384.801025 4065.379639
v -2724.797119 -0.001968 4077.951660
v -2716.396484 -384.804962 4065.379639
v -2691.249512 -767.235474 4027.744629
v -2649.510498 -1144.935791 3965.276855
v -2591.434814 -1515.577148 3878.361816
v -2517.383545 -1876.874390 3767.535400
v -2427.811035 -2226.600098 3633.479736
v -2323.270020 -2562.598145 3477.024170
v -2204.405762 -2882.796875 3299.131348
v -2071.950684 -3185.222168 3100.897705
v -1926.721313 -3468.009521 2883.546875
v -1769.612915 -3729.415283 2648.417725
v -1601.594727 -3967.828125 2396.960449
v -1423.702148 -4181.777832 2130.725098
v -1237.032104 -4369.945312 1851.353760
v -1042.734863 -4531.170898 1560.567505
v -842.008850 -4664.460449 1260.159790
v -636.090881 -4768.991699 951.982544
v -426.251984 -4844.120605 637.936157
v -213.785004 -4889.383789 319.957001
v -542.519287 4844.120117 542.524414
v -809.593506 4768.990723 809.598389
v -1071.676392 4664.458984 1071.681274
v -1327.151855 4531.169434 1327.156982
v -1574.445435 4369.943848 1574.450073
v -1812.031738 4181.775879 1812.035522
v -2038.444946 3967.825928 2038.449463
v -2252.292725 3729.412842 2252.296875
v -2452.253662 3468.006592 2452.257568
v -2637.095703 3185.219238 2637.099854
v -2805.677979 2882.793701 2805.682861
v -2956.964355 2562.594727 2956.968262
v -3090.018555 2226.596680 3090.022949
v -3204.021973 1876.870728 3204.026611
v -3298.271729 1515.573364 3298.276855
v -3372.187256 1144.931885 3372.191650
v -3425.311279 767.231567 3425.315186
v -3457.317383 384.801025 3457.321533
v -3468.009033 -0.001968 3468.013428
v -3457.316895 -384.804962 3457.321777
v -3425.311035 -767.235474 3425.315918
v -3372.186768 -1144.935791 3372.191162
v -3298.271240 -1515.577148 3298.276123
v -3204.021240 -1876.874390 3204.026123
v -3090.017090 -2226.600098 3090.020996
v -2956.961670 -2562.598145 2956.966553
v -2805.676270 -2882.796875 2805.680908
v -2637.093018 -3185.222168 2637.097168
v -2452.250977 -3468.009521 2452.255615
v -2252.289795 -3729.415283 2252.294922
v -2038.443237 -3967.828125 2038.447876
v -1812.028931 -4181.777832 1812.033325
v -1574.442993 -4369.945312 1574.447632
v -1327.149536 -4531.170898 1327.154175
v -1071.673828 -4664.460449 1071.678467
v -809.590149 -4768.991699 809.595337
v -542.515869 -4844.120605 542.520813
v -272.096710 -4889.383789 272.101807
v -637.935120 4844.120117 426.259796
v -951.981201 4768.990723 636.098328
v -1260.157959 4664.458984 842.015564
v -1560.565430 4531.169434 1042.741699
v -1851.351929 4369.943848 1237.038574
v -2130.723633 4181.775879 1423.708008
v -2396.957520 3967.825928 1601.600586
v -2648.416016 3729.412842 1769.619141
v -2883.545166 3468.006592 1926.727417
v -3100.896240 3185.219238 2071.957031
v -3299.128418 2882.793701 2204.411621
v -3477.022461 2562.594727 2323.275635
v -3633.477295 2226.596680 2427.816650
v -3767.531494 1876.870728 2517.388428
v -3878.357422 1515.573364 2591.440186
v -3965.272461 1144.931885 2649.514404
v -4027.739746 767.231567 2691.253662
v -4065.375244 384.801025 2716.400635
v -4077.947021 -0.001968 2724.801514
v -4065.374756 -384.804962 2716.401123
v -4027.739746 -767.235474 2691.254395
v -3965.271973 -1144.935791 2649.514404
v -3878.356689 -1515.577148 2591.439697
v -3767.530518 -1876.874390 2517.387939
v -3633.475586 -2226.600098 2427.814941
v -3477.019043 -2562.598145 2323.274658
v -3299.126221 -2882.796875 2204.410400
v -3100.893066 -3185.222168 2071.954834
v -2883.542236 -3468.009521 1926.725830
v -2648.412598 -3729.415283 1769.617676
v -2396.955566 -3967.828125 1601.599243
v -2130.720459 -4181.777832 1423.706421
v -1851.348999 -4369.945312 1237.036621
v -1560.562622 -4531.170898 1042.739380
v -1260.155029 -4664.460449 842.013306
v -951.977356 -4768.991699 636.096008
v -637.931091 -4844.120605 426.256897
v -319.951843 -4889.383789 213.790100
v -708.835510 4844.120117 293.614441
v -1057.784668 4768.990723 438.153687
v -1400.212280 4664.458984 579.991943
v -1734.007324 4531.169434 718.254578
v -2057.111816 4369.943848 852.088440
v -2367.532959 4181.775879 980.668335
v -2663.356445 3967.825928 1103.203125
v -2942.761719 3729.412842 1218.936035
v -3204.023438 3468.006592 1327.154175
v -3445.531250 3185.219238 1427.190063
v -3665.794922 2882.793701 1518.426758
v -3863.459961 2562.594727 1600.301392
v -4037.303711 2226.596680 1672.310425
v -4186.256348 1876.870728 1734.008667
v -4309.399902 1515.573364 1785.016479
v -4405.974609 1144.931885 1825.018677
v -4475.384277 767.231567 1853.769043
v -4517.202637 384.801025 1871.090698
v -4531.171875 -0.001968 1876.877075
v -4517.202148 -384.804962 1871.091064
v -4475.384766 -767.235474 1853.769653
v -4405.974121 -1144.935791 1825.018677
v -4309.398926 -1515.577148 1785.016113
v -4186.255371 -1876.874390 1734.008423
v -4037.301514 -2226.600098 1672.309204
v -3863.456543 -2562.598145 1600.300781
v -3665.792480 -2882.796875 1518.425781
v -3445.527588 -3185.222168 1427.188477
v -3204.020508 -3468.009521 1327.153198
v -2942.758301 -3729.415283 1218.935303
v -2663.354248 -3967.828125 1103.202148
v -2367.529541 -4181.777832 980.667297
v -2057.108643 -4369.945312 852.086975
v -1734.004150 -4531.170898 718.252747
v -1400.209106 -4664.460449 579.990295
v -1057.780396 -4768.991699 438.152130
v -708.831055 -4844.120605 293.612366
v -355.511444 -4889.383789 147.262756
v -752.495789 4844.120117 149.685852
v -1122.938110 4768.990723 223.371185
v -1486.457397 4664.458984 295.679749
v -1840.812256 4531.169434 366.165527
v -2183.818359 4369.943848 434.393280
v -2513.359619 4181.775879 499.942352
v -2827.403809 3967.825928 562.410339
v -3124.019043 3729.412842 621.410217
v -3401.372803 3468.006592 676.579407
v -3657.756348 3185.219238 727.577148
v -3891.587158 2882.793701 774.089478
v -4101.426758 2562.594727 815.828430
v -4285.978516 2226.596680 852.538635
v -4444.105957 1876.870728 883.992065
v -4574.834473 1515.573364 909.995728
v -4677.357422 1144.931885 930.388489
v -4751.042480 767.231567 945.045227
v -4795.436523 384.801025 953.875732
v -4810.266113 -0.001968 956.825623
v -4795.436035 -384.804962 953.876221
v -4751.042969 -767.235474 945.045776
v -4677.356934 -1144.935791 930.388550
v -4574.833496 -1515.577148 909.995544
v -4444.104980 -1876.874390 883.992004
v -4285.976074 -2226.600098 852.537659
v -4101.423340 -2562.598145 815.828430
v -3891.584717 -2882.796875 774.089050
v -3657.752686 -3185.222168 727.576538
v -3401.370117 -3468.009521 676.578979
v -3124.015625 -3729.415283 621.410095
v -2827.401855 -3967.828125 562.409912
v -2513.355713 -4181.777832 499.942017
v -2183.814697 -4369.945312 434.392456
v -1840.808838 -4531.170898 366.164398
v -1486.453979 -4664.460449 295.678802
v -1122.933716 -4768.991699 223.370499
v -752.491028 -4844.120605 149.684723
v -377.408936 -4889.383789 75.076401
v -767.238037 4844.120117 0.005132
v -1144.937744 4768.990723 0.004885
v -1515.578735 4664.458984 0.004976
v -1876.875854 4531.169434 0.005177
v -2226.601807 4369.943848 0.004812
v -2562.598877 4181.775879 0.004081
v -2882.795898 3967.825928 0.004739
v -3185.222168 3729.412842 0.004227
v -3468.009766 3468.006592 0.004264
v -3729.415771 3185.219238 0.004191
v -3967.827637 2882.793701 0.004629
v -4181.778320 2562.594727 0.003898
v -4369.945312 2226.596680 0.004556
v -4531.170898 1876.870728 0.004483
v -4664.460449 1515.573364 0.004556
v -4768.992188 1144.931885 0.004264
v -4844.121094 767.231567 0.004045
v -4889.384277 384.801025 0.004118
v -4904.504395 -0.001968 0.004191
v -4889.384277 -384.804962 0.004702
v -4844.121094 -767.235474 0.004556
v -4768.991699 -1144.935791 0.004337
v -4664.459473 -1515.577148 0.004483
v -4531.169922 -1876.874390 0.004556
v -4369.942871 -2226.600098 0.003971
v -4181.774902 -2562.598145 0.004483
v -3967.825195 -2882.796875 0.004629
v -3729.412109 -3185.222168 0.004264
v -3468.006592 -3468.009521 0.004337
v -3185.218506 -3729.415283 0.004775
v -2882.793945 -3967.828125 0.004702
v -2562.595459 -4181.777832 0.004483
v -2226.597900 -4369.945312 0.004702
v -1876.872070 -4531.170898 0.004739
v -1515.575195 -4664.460449 0.004721
v -1144.933228 -4768.991699 0.005104
v -767.233154 -4844.120605 0.004949
v -384.802795 -4889.383789 0.005091
v -752.495789 4844.120117 -149.675583
v -1122.937988 4768.990723 -223.361389
v -1486.457275 4664.458984 -295.669800
v -1840.812134 4531.169434 -366.155151
v -2183.818115 4369.943848 -434.383636
v -2513.359131 4181.775879 -499.934143
v -2827.403809 3967.825928 -562.400818
v -3124.018799 3729.412842 -621.401794
v -3401.372803 3468.006592 -676.570923
v -3657.756104 3185.219238 -727.568787
v -3891.586670 2882.793701 -774.080200
v -4101.426270 2562.594727 -815.820618
v -4285.978027 2226.596680 -852.529602
v -4444.105957 1876.870728 -883.983154
v -4574.833984 1515.573364 -909.986572
v -4677.356934 1144.931885 -930.380005
v -4751.042480 767.231567 -945.037109
v -4795.436035 384.801025 -953.867493
v -4810.265625 -0.001968 -956.817139
v -4795.436035 -384.804962 -953.866882
v -4751.042480 -767.235474 -945.036682
v -4677.356934 -1144.935791 -930.379822
v -4574.833496 -1515.577148 -909.986511
v -4444.104980 -1876.874390 -883.982971
v -4285.975586 -2226.600098 -852.529663
v -4101.423340 -2562.598145 -815.819458
v -3891.584473 -2882.796875 -774.079712
v -3657.752197 -3185.222168 -727.567932
v -3401.369629 -3468.009521 -676.570190
v -3124.015381 -3729.415283 -621.400574
v -2827.401855 -3967.828125 -562.400452
v -2513.355713 -4181.777832 -499.933075
v -2183.814209 -4369.945312 -434.382996
v -1840.808350 -4531.170898 -366.154816
v -1486.453613 -4664.460449 -295.669342
v -1122.933594 -4768.991699 -223.360291
v -752.490845 -4844.120605 -149.674805
v -377.408905 -4889.383789 -75.066216
v -708.835510 4844.120117 -293.604156
v -1057.784424 4768.990723 -438.143768
v -1400.212036 4664.458984 -579.981873
v -1734.007080 4531.169434 -718.244202
v -2057.111572 4369.943848 -852.078796
v -2367.532227 4181.775879 -980.660034
v -2663.356201 3967.825928 -1103.193481
v -2942.761230 3729.412842 -1218.927490
v -3204.023193 3468.006592 -1327.145630
v -3445.530762 3185.219238 -1427.181519
v -3665.794434 2882.793701 -1518.417114
v -3863.458984 2562.594727 -1600.293213
v -4037.302734 2226.596680 -1672.301147
v -4186.255859 1876.870728 -1733.999512
v -4309.399414 1515.573364 -1785.007202
v -4405.973633 1144.931885 -1825.009888
v -4475.383789 767.231567 -1853.760742
v -4517.201660 384.801025 -1871.082153
v -4531.170898 -0.001968 -1876.868286
v -4517.202148 -384.804962 -1871.081543
v -4475.384277 -767.235474 -1853.760376
v -4405.973633 -1144.935791 -1825.009766
v -4309.398926 -1515.577148 -1785.007080
v -4186.254883 -1876.874390 -1733.999023
v -4037.300293 -2226.600098 -1672.300781
v -3863.456055 -2562.598145 -1600.291504
v -3665.792236 -2882.796875 -1518.416260
v -3445.527100 -3185.222168 -1427.179810
v -3204.020264 -3468.009521 -1327.144287
v -2942.758057 -3729.415283 -1218.925659
v -2663.354248 -3967.828125 -1103.192749
v -2367.529297 -4181.777832 -980.658325
v -2057.107910 -4369.945312 -852.077332
v -1734.003418 -4531.170898 -718.243042
v -1400.208618 -4664.460449 -579.980774
v -1057.780273 -4768.991699 -438.141846
v -708.830872 -4844.120605 -293.602448
v -355.511414 -4889.383789 -147.252563
v -637.935059 4844.120117 -426.249481
v -951.980713 4768.990723 -636.088440
v -1260.157471 4664.458984 -842.005432
v -1560.565186 4531.169434 -1042.731201
v -1851.351318 4369.943848 -1237.028687
v -2130.722412 4181.775879 -1423.699341
v -2396.957031 3967.825928 -1601.590698
v -2648.415039 3729.412842 -1769.610229
v -2883.544189 3468.006592 -1926.718628
v -3100.895508 3185.219238 -2071.947998
v -3299.127686 2882.793701 -2204.401855
v -3477.020996 2562.594727 -2323.267334
v -3633.476562 2226.596680 -2427.806885
v -3767.530762 1876.870728 -2517.379150
v -3878.356934 1515.573364 -2591.430908
v -3965.271484 1144.931885 -2649.505859
v -4027.738770 767.231567 -2691.245361
v -4065.373779 384.801025 -2716.392334
v -4077.945801 -0.001968 -2724.791992
v -4065.374512 -384.804962 -2716.391602
v -4027.739502 -767.235474 -2691.245117
v -3965.271240 -1144.935791 -2649.505371
v -3878.356201 -1515.577148 -2591.430664
v -3767.530029 -1876.874390 -2517.378418
v -3633.474121 -2226.600098 -2427.806152
v -3477.018311 -2562.598145 -2323.265137
v -3299.125977 -2882.796875 -2204.400879
v -3100.892578 -3185.222168 -2071.945801
v -2883.541992 -3468.009521 -1926.716553
v -2648.412109 -3729.415283 -1769.607788
v -2396.955322 -3967.828125 -1601.589722
v -2130.719727 -4181.777832 -1423.697144
v -1851.347900 -4369.945312 -1237.026489
v -1560.561768 -4531.170898 -1042.729370
v -1260.154297 -4664.460449 -842.003662
v -951.976990 -4768.991699 -636.085693
v -637.930847 -4844.120605 -426.246887
v -319.951813 -4889.383789 -213.779892
v -542.519165 4844.120117 -542.514038
v -809.592957 4768.990723 -809.588257
v -1071.675659 4664.458984 -1071.671021
v -1327.151489 4531.169434 -1327.146484
v -1574.444702 4369.943848 -1574.440063
v -1812.030151 4181.775879 -1812.026489
v -2038.444092 3967.825928 -2038.439575
v -2252.291504 3729.412842 -2252.287598
v -2452.252686 3468.006592 -2452.248779
v -2637.094482 3185.219238 -2637.090820
v -2805.677490 2882.793701 -2805.672852
v -2956.963135 2562.594727 -2956.959473
v -3090.017822 2226.596680 -3090.013184
v -3204.021240 1876.870728 -3204.016846
v -3298.271484 1515.573364 -3298.267090
v -3372.186035 1144.931885 -3372.182129
v -3425.309814 767.231567 -3425.306641
v -3457.315674 384.801025 -3457.312500
v -3468.007812 -0.001968 -3468.003662
v -3457.316650 -384.804962 -3457.312012
v -3425.310791 -767.235474 -3425.306396
v -3372.185791 -1144.935791 -3372.182129
v -3298.270752 -1515.577148 -3298.266846
v -3204.020752 -1876.874390 -3204.016357
v -3090.015625 -2226.600098 -3090.011963
v -2956.960938 -2562.598145 -2956.956787
v -2805.675781 -2882.796875 -2805.671387
v -2637.092285 -3185.222168 -2637.088135
v -2452.250732 -3468.009521 -2452.246094
v -2252.289062 -3729.415283 -2252.284668
v -2038.442749 -3967.828125 -2038.438232
v -1812.027954 -4181.777832 -1812.023682
v -1574.441772 -4369.945312 -1574.437256
v -1327.148560 -4531.170898 -1327.144043
v -1071.672974 -4664.460449 -1071.668579
v -809.589783 -4768.991699 -809.584900
v -542.515503 -4844.120605 -542.510681
v -272.096619 -4889.383789 -272.091553
v -426.254547 4844.120117 -637.929932
v -636.092957 4768.990723 -951.975891
v -842.010010 4664.458984 -1260.152466
v -1042.736084 4531.169434 -1560.560059
v -1237.033081 4369.943848 -1851.346313
v -1423.702515 4181.775879 -2130.718018
v -1601.595093 3967.825928 -2396.951904
v -1769.613647 3729.412842 -2648.410645
v -1926.722290 3468.006592 -2883.540283
v -2071.951416 3185.219238 -3100.891357
v -2204.406494 2882.793701 -3299.123047
v -2323.270752 2562.594727 -3477.017090
v -2427.811279 2226.596680 -3633.471924
v -2517.383545 1876.870728 -3767.526123
v -2591.435303 1515.573364 -3878.352783
v -2649.509277 1144.931885 -3965.267090
v -2691.248291 767.231567 -4027.735352
v -2716.395264 384.801025 -4065.370117
v -2724.795898 -0.001968 -4077.941406
v -2716.396484 -384.804962 -4065.369385
v -2691.249268 -767.235474 -4027.735107
v -2649.509033 -1144.935791 -3965.267090
v -2591.434570 -1515.577148 -3878.352295
v -2517.382812 -1876.874390 -3767.525635
v -2427.809326 -2226.600098 -3633.470215
v -2323.269043 -2562.598145 -3477.014160
v -2204.405029 -2882.796875 -3299.121338
v -2071.949951 -3185.222168 -3100.888428
v -1926.720825 -3468.009521 -2883.537354
v -1769.611816 -3729.415283 -2648.407227
v -1601.594116 -3967.828125 -2396.950439
v -1423.700928 -4181.777832 -2130.715088
v -1237.030884 -4369.945312 -1851.343018
v -1042.733765 -4531.170898 -1560.557007
v -842.007874 -4664.460449 -1260.149536
v -636.090515 -4768.991699 -951.971985
v -426.251617 -4844.120605 -637.925903
v -213.784912 -4889.383789 -319.946686
v -293.609222 4844.120117 -708.830322
v -438.148315 4768.990723 -1057.779419
v -579.986511 4664.458984 -1400.206909
v -718.248962 4531.169434 -1734.001831
v -852.082947 4369.943848 -2057.106201
v -980.663086 4181.775879 -2367.527344
v -1103.197632 3967.825928 -2663.350830
v -1218.930664 3729.412842 -2942.756836
v -1327.148926 3468.006592 -3204.018799
v -1427.184326 3185.219238 -3445.526123
v -1518.421509 2882.793701 -3665.789551
v -1600.296387 2562.594727 -3863.454834
v -1672.305176 2226.596680 -4037.298096
v -1734.003784 1876.870728 -4186.251465
v -1785.011597 1515.573364 -4309.395020
v -1825.013184 1144.931885 -4405.969238
v -1853.763428 767.231567 -4475.379883
v -1871.084961 384.801025 -4517.197754
v -1876.871826 -0.001968 -4531.166016
v -1871.086304 -384.804962 -4517.197266
v -1853.764526 -767.235474 -4475.379883
v -1825.012817 -1144.935791 -4405.968750
v -1785.010864 -1515.577148 -4309.394531
v -1734.003174 -1876.874390 -4186.250488
v -1672.303589 -2226.600098 -4037.295898
v -1600.295288 -2562.598145 -3863.451660
v -1518.420288 -2882.796875 -3665.787842
v -1427.183472 -3185.222168 -3445.522705
v -1327.148193 -3468.009521 -3204.015381
v -1218.929565 -3729.415283 -2942.752930
v -1103.196899 -3967.828125 -2663.349365
v -980.661987 -4181.777832 -2367.524170
v -852.081482 -4369.945312 -2057.102539
v -718.247314 -4531.170898 -1733.998291
v -579.984863 -4664.460449 -1400.203491
v -438.146729 -4768.991699 -1057.775146
v -293.607147 -4844.120605 -708.825867
v -147.257599 -4889.383789 -355.506256
v -149.680649 4844.120117 -752.490601
v -223.365845 4768.990723 -1122.932861
v -295.674377 4664.458984 -1486.451782
v -366.160034 4531.169434 -1840.806641
v -434.387878 4369.943848 -2183.812500
v -499.937164 4181.775879 -2513.354004
v -562.405029 3967.825928 -2827.398682
v -621.404785 3729.412842 -3124.013916
v -676.574097 3468.006592 -3401.368164
v -727.571533 3185.219238 -3657.751221
v -774.084290 2882.793701 -3891.581787
v -815.823425 2562.594727 -4101.421875
v -852.533508 2226.596680 -4285.973145
v -883.987183 1876.870728 -4444.100586
v -909.990845 1515.573364 -4574.829590
v -930.382996 1144.931885 -4677.351562
v -945.039490 767.231567 -4751.037598
v -953.869873 384.801025 -4795.431152
v -956.820557 -0.001968 -4810.260254
v -953.871338 -384.804962 -4795.431152
v -945.040527 -767.235474 -4751.038086
v -930.382751 -1144.935791 -4677.351562
v -909.990112 -1515.577148 -4574.829102
v -883.986694 -1876.874390 -4444.100098
v -852.532288 -2226.600098 -4285.970703
v -815.822937 -2562.598145 -4101.418457
v -774.083496 -2882.796875 -3891.579834
v -727.571289 -3185.222168 -3657.747559
v -676.574036 -3468.009521 -3401.364990
v -621.404480 -3729.415283 -3124.010254
v -562.404602 -3967.828125 -2827.396729
v -499.936768 -4181.777832 -2513.350586
v -434.387207 -4369.945312 -2183.808594
v -366.159088 -4531.170898 -1840.802979
v -295.673462 -4664.460449 -1486.448242
v -223.365158 -4768.991699 -1122.928345
v -149.679474 -4844.120605 -752.485840
v -75.071251 -4889.383789 -377.403687
v 0.000777 -0.001968 -4904.499023
v 0.000485 -4664.460449 -1515.569336
v 0.000028 -4889.383789 -384.797546
vt 0.750000 0.450000
vt 0.750000 0.475000
vt 0.718750 0.475000
vt 0.718750 0.450000
vt 0.750000 0.775000
vt 0.750000 0.800000
vt 0.718750 0.800000
vt 0.718750 0.775000
vt 0.750000 0.100000
vt 0.750000 0.125000
vt 0.718750 0.125000
vt 0.718750 0.100000
vt 0.750000 0.425000
vt 0.718750 0.425000
vt 0.750000 0.750000
vt 0.718750 0.750000
vt 0.750000 0.075000
vt 0.718750 0.075000
vt 0.750000 0.400000
vt 0.718750 0.400000
vt 0.750000 0.725000
vt 0.718750 0.725000
vt 0.750000 0.050000
vt 0.718750 0.050000
vt 0.750000 0.375000
vt 0.718750 0.375000
vt 0.750000 0.700000
vt 0.718750 0.700000
vt 0.750000 0.025000
vt 0.718749 0.025000
vt 0.750000 0.350000
vt 0.718750 0.350000
vt 0.750000 0.675000
vt 0.718750 0.675000
vt 0.734375 0.000000
vt 0.750000 0.325000
vt 0.718750 0.325000
vt 0.750000 0.650000
vt 0.718750 0.650000
vt 0.750000 0.300000
vt 0.718750 0.300000
vt 0.750000 0.625000
vt 0.718750 0.625000
vt 0.750000 0.275000
vt 0.718750 0.275000
vt 0.750000 0.600000
vt 0.718750 0.600000
vt 0.750000 0.925000
vt 0.750000 0.950000
vt 0.718750 0.950000
vt 0.718750 0.925000
vt 0.750000 0.250000
vt 0.718750 0.250000
vt 0.750000 0.575000
vt 0.718750 0.575000
vt 0.750000 0.900000
vt 0.718750 0.900000
vt 0.750000 0.225000
vt 0.718750 0.225000
vt 0.750000 0.550000
vt 0.718750 0.550000
vt 0.750000 0.875000
vt 0.718750 0.875000
vt 0.750000 0.200000
vt 0.718750 0.200000
vt 0.750000 0.525000
vt 0.718750 0.525000
vt 0.750000 0.850000
vt 0.718750 0.850000
vt 0.750000 0.175000
vt 0.718750 0.175000
vt 0.750000 0.500000
vt 0.718750 0.500000
vt 0.750000 0.825000
vt 0.718750 0.825000
vt 0.750000 0.150000
vt 0.718750 0.150000
vt 0.687500 0.800000
vt 0.687500 0.775000
vt 0.687500 0.125000
vt 0.687500 0.100000
vt 0.687500 0.450000
vt 0.687500 0.425000
vt 0.687500 0.750000
vt 0.687500 0.075000
vt 0.687500 0.400000
vt 0.687500 0.725000
vt 0.687499 0.050000
vt 0.687500 0.375000
vt 0.687500 0.700000
vt 0.687499 0.025000
vt 0.687500 0.350000
vt 0.687500 0.675000
vt 0.703124 0.000000
vt 0.687500 0.325000
vt 0.687500 0.650000
vt 0.687500 0.300000
vt 0.687500 0.625000
vt 0.687500 0.275000
vt 0.687500 0.600000
vt 0.687499 0.950000
vt 0.687500 0.925000
vt 0.687500 0.250000
vt 0.687500 0.575000
vt 0.687500 0.900000
vt 0.687500 0.225000
vt 0.687500 0.550000
vt 0.687500 0.875000
vt 0.687500 0.200000
vt 0.687500 0.525000
vt 0.687500 0.850000
vt 0.687500 0.175000
vt 0.687500 0.500000
vt 0.687500 0.825000
vt 0.687500 0.150000
vt 0.687500 0.475000
vt 0.656250 0.150000
vt 0.656250 0.125000
vt 0.656250 0.475000
vt 0.656250 0.450000
vt 0.656250 0.800000
vt 0.656250 0.775000
vt 0.656250 0.100000
vt 0.656250 0.425000
vt 0.656250 0.750000
vt 0.656249 0.075000
vt 0.656250 0.400000
vt 0.656250 0.725000
vt 0.656249 0.050000
vt 0.656250 0.375000
vt 0.656250 0.700000
vt 0.656249 0.025000
vt 0.656250 0.350000
vt 0.656250 0.675000
vt 0.671873 0.000000
vt 0.656250 0.325000
vt 0.656250 0.650000
vt 0.656250 0.300000
vt 0.656250 0.625000
vt 0.656250 0.275000
vt 0.656250 0.600000
vt 0.656249 0.950000
vt 0.656249 0.925000
vt 0.656250 0.250000
vt 0.656250 0.575000
vt 0.656250 0.900000
vt 0.656250 0.225000
vt 0.656250 0.550000
vt 0.656250 0.875000
vt 0.656250 0.200000
vt 0.656250 0.525000
vt 0.656250 0.850000
vt 0.656250 0.175000
vt 0.656250 0.500000
vt 0.656250 0.825000
vt 0.625000 0.500000
vt 0.625000 0.475000
vt 0.625000 0.825000
vt 0.625000 0.800000
vt 0.625000 0.150000
vt 0.625000 0.125000
vt 0.625000 0.450000
vt 0.625000 0.775000
vt 0.624999 0.100000
vt 0.625000 0.425000
vt 0.625000 0.750000
vt 0.624999 0.075000
vt 0.625000 0.400000
vt 0.625000 0.725000
vt 0.624999 0.050000
vt 0.625000 0.375000
vt 0.625000 0.700000
vt 0.624998 0.025000
vt 0.625000 0.350000
vt 0.625000 0.675000
vt 0.640623 0.000000
vt 0.625000 0.325000
vt 0.625000 0.650000
vt 0.625000 0.300000
vt 0.625000 0.625000
vt 0.625000 0.275000
vt 0.625000 0.600000
vt 0.624999 0.950000
vt 0.624999 0.925000
vt 0.625000 0.250000
vt 0.625000 0.575000
vt 0.624999 0.900000
vt 0.625000 0.225000
vt 0.625000 0.550000
vt 0.625000 0.875000
vt 0.625000 0.200000
vt 0.625000 0.525000
vt 0.625000 0.850000
vt 0.625000 0.175000
vt 0.593750 0.850000
vt 0.593750 0.825000
vt 0.593750 0.175000
vt 0.593750 0.150000
vt 0.593750 0.500000
vt 0.593750 0.475000
vt 0.593750 0.800000
vt 0.593750 0.125000
vt 0.593750 0.450000
vt 0.593750 0.775000
vt 0.593749 0.100000
vt 0.593750 0.425000
vt 0.593750 0.750000
vt 0.593749 0.075000
vt 0.593750 0.400000
vt 0.593750 0.725000
vt 0.593749 0.050000
vt 0.593750 0.375000
vt 0.593750 0.700000
vt 0.593748 0.025000
vt 0.593750 0.350000
vt 0.593750 0.675000
vt 0.609372 0.000000
vt 0.593750 0.325000
vt 0.593750 0.650000
vt 0.593750 0.300000
vt 0.593750 0.625000
vt 0.593750 0.275000
vt 0.593750 0.600000
vt 0.593749 0.950000
vt 0.593749 0.925000
vt 0.593750 0.250000
vt 0.593750 0.575000
vt 0.593749 0.900000
vt 0.593750 0.225000
vt 0.593750 0.550000
vt 0.593750 0.875000
vt 0.593750 0.200000
vt 0.593750 0.525000
vt 0.562500 0.525000
vt 0.562500 0.500000
vt 0.562500 0.850000
vt 0.562500 0.825000
vt 0.562500 0.175000
vt 0.562500 0.150000
vt 0.562500 0.475000
vt 0.562500 0.800000
vt 0.562499 0.125000
vt 0.562500 0.450000
vt 0.562500 0.775000
vt 0.562499 0.100000
vt 0.562500 0.425000
vt 0.562500 0.750000
vt 0.562499 0.075000
vt 0.562500 0.400000
vt 0.562500 0.725000
vt 0.562499 0.050000
vt 0.562500 0.375000
vt 0.562500 0.700000
vt 0.562498 0.025000
vt 0.562500 0.350000
vt 0.562500 0.675000
vt 0.578122 0.000000
vt 0.562500 0.325000
vt 0.562500 0.650000
vt 0.562500 0.300000
vt 0.562500 0.625000
vt 0.562500 0.275000
vt 0.562500 0.600000
vt 0.562499 0.950000
vt 0.562499 0.925000
vt 0.562500 0.250000
vt 0.562500 0.575000
vt 0.562499 0.900000
vt 0.562500 0.225000
vt 0.562500 0.550000
vt 0.562499 0.875000
vt 0.562500 0.200000
vt 0.531249 0.875000
vt 0.531250 0.850000
vt 0.531250 0.200000
vt 0.531250 0.175000
vt 0.531250 0.525000
vt 0.531250 0.500000
vt 0.531250 0.825000
vt 0.531250 0.150000
vt 0.531250 0.475000
vt 0.531250 0.800000
vt 0.531249 0.125000
vt 0.531250 0.450000
vt 0.531250 0.775000
vt 0.531249 0.100000
vt 0.531250 0.425000
vt 0.531250 0.750000
vt 0.531249 0.075000
vt 0.531250 0.400000
vt 0.531250 0.725000
vt 0.531249 0.050000
vt 0.531250 0.375000
vt 0.531250 0.700000
vt 0.531248 0.025000
vt 0.531250 0.350000
vt 0.531250 0.675000
vt 0.546872 0.000000
vt 0.531250 0.325000
vt 0.531250 0.650000
vt 0.531250 0.300000
vt 0.531250 0.625000
vt 0.531250 0.275000
vt 0.531250 0.600000
vt 0.531249 0.950000
vt 0.531249 0.925000
vt 0.531250 0.250000
vt 0.531250 0.575000
vt 0.531249 0.900000
vt 0.531250 0.225000
vt 0.531250 0.550000
vt 0.500000 0.225000
vt 0.500000 0.200000
vt 0.500000 0.550000
vt 0.500000 0.525000
vt 0.499999 0.875000
vt 0.499999 0.850000
vt 0.499999 0.175000
vt 0.500000 0.500000
vt 0.499999 0.825000
vt 0.499999 0.150000
vt 0.500000 0.475000
vt 0.500000 0.800000
vt 0.499999 0.125000
vt 0.500000 0.450000
vt 0.500000 0.775000
vt 0.499999 0.100000
vt 0.500000 0.425000
vt 0.500000 0.750000
vt 0.499999 0.075000
vt 0.500000 0.400000
vt 0.500000 0.725000
vt 0.499999 0.050000
vt 0.500000 0.375000
vt 0.500000 0.700000
vt 0.499998 0.025000
vt 0.500000 0.350000
vt 0.500000 0.675000
vt 0.515622 0.000000
vt 0.500000 0.325000
vt 0.500000 0.650000
vt 0.500000 0.300000
vt 0.500000 0.625000
vt 0.500000 0.275000
vt 0.500000 0.600000
vt 0.499999 0.950000
vt 0.499999 0.925000
vt 0.500000 0.250000
vt 0.500000 0.575000
vt 0.499999 0.900000
vt 0.468750 0.575000
vt 0.468750 0.550000
vt 0.468749 0.900000
vt 0.468749 0.875000
vt 0.468750 0.225000
vt 0.468750 0.200000
vt 0.468750 0.525000
vt 0.468749 0.850000
vt 0.468749 0.175000
vt 0.468750 0.500000
vt 0.468749 0.825000
vt 0.468749 0.150000
vt 0.468750 0.475000
vt 0.468750 0.800000
vt 0.468749 0.125000
vt 0.468750 0.450000
vt 0.468750 0.775000
vt 0.468749 0.100000
vt 0.468750 0.425000
vt 0.468750 0.750000
vt 0.468749 0.075000
vt 0.468750 0.400000
vt 0.468750 0.725000
vt 0.468749 0.050000
vt 0.468750 0.375000
vt 0.468750 0.700000
vt 0.468748 0.025000
vt 0.468750 0.350000
vt 0.468750 0.675000
vt 0.484372 0.000000
vt 0.468750 0.325000
vt 0.468750 0.650000
vt 0.468750 0.300000
vt 0.468750 0.625000
vt 0.468750 0.275000
vt 0.468750 0.600000
vt 0.468749 0.950000
vt 0.468749 0.925000
vt 0.468750 0.250000
vt 0.437499 0.924999
vt 0.437499 0.900000
vt 0.437500 0.250000
vt 0.437500 0.225000
vt 0.437500 0.575000
vt 0.437500 0.550000
vt 0.437499 0.875000
vt 0.437500 0.200000
vt 0.437500 0.525000
vt 0.437499 0.850000
vt 0.437500 0.175000
vt 0.437500 0.500000
vt 0.437500 0.825000
vt 0.437499 0.150000
vt 0.437500 0.475000
vt 0.437500 0.800000
vt 0.437499 0.125000
vt 0.437500 0.450000
vt 0.437500 0.775000
vt 0.437499 0.100000
vt 0.437500 0.425000
vt 0.437500 0.750000
vt 0.437499 0.075000
vt 0.437500 0.400000
vt 0.437500 0.725000
vt 0.437499 0.050000
vt 0.437500 0.375000
vt 0.437500 0.700000
vt 0.437498 0.025000
vt 0.437500 0.350000
vt 0.437500 0.675000
vt 0.453122 0.000000
vt 0.437500 0.325000
vt 0.437500 0.650000
vt 0.437500 0.300000
vt 0.437500 0.625000
vt 0.437500 0.275000
vt 0.437500 0.600000
vt 0.437499 0.950000
vt 0.406250 0.600000
vt 0.406250 0.575000
vt 0.406249 0.924999
vt 0.406249 0.900000
vt 0.406250 0.250000
vt 0.406250 0.225000
vt 0.406250 0.550000
vt 0.406249 0.875000
vt 0.406250 0.200000
vt 0.406250 0.525000
vt 0.406250 0.850000
vt 0.406250 0.175000
vt 0.406250 0.500000
vt 0.406250 0.825000
vt 0.406250 0.150000
vt 0.406250 0.475000
vt 0.406250 0.800000
vt 0.406249 0.125000
vt 0.406250 0.450000
vt 0.406250 0.775000
vt 0.406249 0.100000
vt 0.406250 0.425000
vt 0.406250 0.750000
vt 0.406249 0.075000
vt 0.406250 0.400000
vt 0.406250 0.725000
vt 0.406249 0.050000
vt 0.406250 0.375000
vt 0.406250 0.700000
vt 0.406248 0.025000
vt 0.406250 0.350000
vt 0.406250 0.675000
vt 0.421872 0.000000
vt 0.406250 0.325000
vt 0.406250 0.650000
vt 0.406250 0.300000
vt 0.406250 0.625000
vt 0.406250 0.275000
vt 0.406249 0.950000
vt 0.374999 0.950000
vt 0.374999 0.924999
vt 0.375000 0.275000
vt 0.375000 0.250000
vt 0.375000 0.600000
vt 0.375000 0.575000
vt 0.374999 0.900000
vt 0.375000 0.225000
vt 0.375000 0.550000
vt 0.375000 0.875000
vt 0.375000 0.200000
vt 0.375000 0.525000
vt 0.375000 0.850000
vt 0.375000 0.175000
vt 0.375000 0.500000
vt 0.375000 0.825000
vt 0.375000 0.150000
vt 0.375000 0.475000
vt 0.375000 0.800000
vt 0.375000 0.125000
vt 0.375000 0.450000
vt 0.375000 0.775000
vt 0.374999 0.100000
vt 0.375000 0.425000
vt 0.375000 0.750000
vt 0.374999 0.075000
vt 0.375000 0.400000
vt 0.375000 0.725000
vt 0.374999 0.050000
vt 0.375000 0.375000
vt 0.375000 0.700000
vt 0.374998 0.025000
vt 0.375000 0.350000
vt 0.375000 0.675000
vt 0.390622 0.000000
vt 0.375000 0.325000
vt 0.375000 0.650000
vt 0.375000 0.300000
vt 0.375000 0.625000
vt 0.343750 0.300000
vt 0.343750 0.275000
vt 0.343750 0.625000
vt 0.343750 0.600000
vt 0.343749 0.950000
vt 0.343749 0.924999
vt 0.343750 0.250000
vt 0.343750 0.575000
vt 0.343750 0.899999
vt 0.343750 0.225000
vt 0.343750 0.550000
vt 0.343750 0.875000
vt 0.343750 0.200000
vt 0.343750 0.525000
vt 0.343750 0.849999
vt 0.343750 0.175000
vt 0.343750 0.500000
vt 0.343750 0.825000
vt 0.343750 0.150000
vt 0.343750 0.475000
vt 0.343750 0.800000
vt 0.343750 0.125000
vt 0.343750 0.450000
vt 0.343750 0.775000
vt 0.343750 0.100000
vt 0.343750 0.425000
vt 0.343750 0.750000
vt 0.343749 0.075000
vt 0.343750 0.400000
vt 0.343750 0.725000
vt 0.343749 0.050000
vt 0.343750 0.375000
vt 0.343750 0.700000
vt 0.343749 0.025000
vt 0.343750 0.350000
vt 0.343750 0.675000
vt 0.359373 0.000000
vt 0.343750 0.325000
vt 0.343750 0.650000
vt 0.312500 0.650000
vt 0.312500 0.625000
vt 0.312500 0.300000
vt 0.312500 0.275000
vt 0.312500 0.600000
vt 0.312499 0.949999
vt 0.312500 0.924999
vt 0.312500 0.250000
vt 0.312500 0.575000
vt 0.312500 0.899999
vt 0.312500 0.225000
vt 0.312500 0.550000
vt 0.312500 0.874999
vt 0.312500 0.200000
vt 0.312500 0.525000
vt 0.312500 0.849999
vt 0.312500 0.175000
vt 0.312500 0.500000
vt 0.312500 0.825000
vt 0.312500 0.150000
vt 0.312500 0.475000
vt 0.312500 0.800000
vt 0.312500 0.125000
vt 0.312500 0.450000
vt 0.312500 0.775000
vt 0.312500 0.100000
vt 0.312500 0.425000
vt 0.312500 0.750000
vt 0.312500 0.075000
vt 0.312500 0.400000
vt 0.312500 0.725000
vt 0.312499 0.050000
vt 0.312500 0.375000
vt 0.312500 0.700000
vt 0.312499 0.025000
vt 0.312500 0.350000
vt 0.312500 0.675000
vt 0.328123 0.000000
vt 0.312500 0.325000
vt 0.281250 0.325000
vt 0.281250 0.300000
vt 0.281250 0.650000
vt 0.281250 0.625000
vt 0.281250 0.275000
vt 0.281250 0.600000
vt 0.281250 0.949999
vt 0.281250 0.924999
vt 0.281250 0.250000
vt 0.281250 0.575000
vt 0.281250 0.899999
vt 0.281250 0.225000
vt 0.281250 0.550000
vt 0.281250 0.874999
vt 0.281250 0.200000
vt 0.281250 0.525000
vt 0.281250 0.849999
vt 0.281250 0.175000
vt 0.281250 0.500000
vt 0.281250 0.825000
vt 0.281250 0.150000
vt 0.281250 0.475000
vt 0.281250 0.800000
vt 0.281250 0.125000
vt 0.281250 0.450000
vt 0.281250 0.775000
vt 0.281250 0.100000
vt 0.281250 0.425000
vt 0.281250 0.750000
vt 0.281250 0.075000
vt 0.281250 0.400000
vt 0.281250 0.725000
vt 0.281250 0.050000
vt 0.281250 0.375000
vt 0.281250 0.700000
vt 0.281249 0.025000
vt 0.281250 0.350000
vt 0.281250 0.675000
vt 0.296874 0.000000
vt 0.250000 0.675000
vt 0.250000 0.650000
vt 0.250000 0.325000
vt 0.250000 0.300000
vt 0.250000 0.625000
vt 0.250000 0.275000
vt 0.250000 0.600000
vt 0.250000 0.949999
vt 0.250000 0.924999
vt 0.250000 0.250000
vt 0.250000 0.575000
vt 0.250000 0.899999
vt 0.250000 0.225000
vt 0.250000 0.550000
vt 0.250000 0.874999
vt 0.250000 0.200000
vt 0.250000 0.525000
vt 0.250000 0.849999
vt 0.250000 0.175000
vt 0.250000 0.500000
vt 0.250000 0.825000
vt 0.250000 0.150000
vt 0.250000 0.475000
vt 0.250000 0.800000
vt 0.250000 0.125000
vt 0.250000 0.450000
vt 0.250000 0.775000
vt 0.250000 0.100000
vt 0.250000 0.425000
vt 0.250000 0.750000
vt 0.250000 0.075000
vt 0.250000 0.400000
vt 0.250000 0.725000
vt 0.250000 0.050000
vt 0.250000 0.375000
vt 0.250000 0.700000
vt 0.250000 0.025000
vt 0.250000 0.350000
vt 0.265625 0.000000
vt 0.234375 0.000000
vt 0.218750 0.025000
vt 0.218750 0.350000
vt 0.218750 0.325000
vt 0.218750 0.675000
vt 0.218750 0.650000
vt 0.218750 0.300000
vt 0.218750 0.625000
vt 0.218750 0.275000
vt 0.218750 0.600000
vt 0.218750 0.949999
vt 0.218750 0.924999
vt 0.218750 0.250000
vt 0.218750 0.575000
vt 0.218750 0.899999
vt 0.218750 0.225000
vt 0.218750 0.550000
vt 0.218750 0.874999
vt 0.218750 0.200000
vt 0.218750 0.525000
vt 0.218750 0.849999
vt 0.218750 0.175000
vt 0.218750 0.500000
vt 0.218750 0.825000
vt 0.218750 0.150000
vt 0.218750 0.475000
vt 0.218750 0.800000
vt 0.218750 0.125000
vt 0.218750 0.450000
vt 0.218750 0.775000
vt 0.218750 0.100000
vt 0.218750 0.425000
vt 0.218750 0.750000
vt 0.218750 0.075000
vt 0.218750 0.400000
vt 0.218750 0.725000
vt 0.218750 0.050000
vt 0.218750 0.375000
vt 0.218750 0.700000
vt 0.187500 0.375000
vt 0.187500 0.350000
vt 0.187500 0.700000
vt 0.187500 0.675000
vt 0.203126 0.000000
vt 0.187501 0.025000
vt 0.187500 0.325000
vt 0.187500 0.650000
vt 0.187500 0.300000
vt 0.187500 0.625000
vt 0.187500 0.275000
vt 0.187500 0.600000
vt 0.187500 0.949999
vt 0.187500 0.924999
vt 0.187500 0.250000
vt 0.187500 0.575000
vt 0.187500 0.899999
vt 0.187500 0.225000
vt 0.187500 0.550000
vt 0.187500 0.874999
vt 0.187500 0.200000
vt 0.187500 0.525000
vt 0.187500 0.849999
vt 0.187500 0.175000
vt 0.187500 0.500000
vt 0.187500 0.825000
vt 0.187500 0.150000
vt 0.187500 0.475000
vt 0.187500 0.800000
vt 0.187500 0.125000
vt 0.187500 0.450000
vt 0.187500 0.775000
vt 0.187500 0.100000
vt 0.187500 0.425000
vt 0.187500 0.750000
vt 0.187500 0.075000
vt 0.187500 0.400000
vt 0.187500 0.725000
vt 0.187500 0.050000
vt 0.156250 0.725000
vt 0.156250 0.700000
vt 0.156250 0.050000
vt 0.156251 0.025000
vt 0.156250 0.375000
vt 0.156250 0.350000
vt 0.156250 0.675000
vt 0.171876 0.000000
vt 0.156250 0.325000
vt 0.156250 0.650000
vt 0.156250 0.300000
vt 0.156250 0.625000
vt 0.156250 0.275000
vt 0.156250 0.600000
vt 0.156250 0.950000
vt 0.156250 0.924999
vt 0.156250 0.250000
vt 0.156250 0.575000
vt 0.156250 0.899999
vt 0.156250 0.225000
vt 0.156250 0.550000
vt 0.156250 0.875000
vt 0.156250 0.200000
vt 0.156250 0.525000
vt 0.156250 0.850000
vt 0.156250 0.175000
vt 0.156250 0.500000
vt 0.156250 0.825000
vt 0.156250 0.150000
vt 0.156250 0.475000
vt 0.156250 0.800000
vt 0.156250 0.125000
vt 0.156250 0.450000
vt 0.156250 0.775000
vt 0.156250 0.100000
vt 0.156250 0.425000
vt 0.156250 0.750000
vt 0.156250 0.075000
vt 0.156250 0.400000
vt 0.125000 0.400000
vt 0.125000 0.375000
vt 0.125000 0.725000
vt 0.125000 0.700000
vt 0.125001 0.050000
vt 0.125001 0.025000
vt 0.125000 0.350000
vt 0.125000 0.675000
vt 0.140627 0.000000
vt 0.125000 0.325000
vt 0.125000 0.650000
vt 0.125000 0.300000
vt 0.125000 0.625000
vt 0.125000 0.275000
vt 0.125000 0.600000
vt 0.125001 0.950000
vt 0.125000 0.924999
vt 0.125000 0.250000
vt 0.125000 0.575000
vt 0.125000 0.900000
vt 0.125000 0.225000
vt 0.125000 0.550000
vt 0.125000 0.875000
vt 0.125000 0.200000
vt 0.125000 0.525000
vt 0.125000 0.850000
vt 0.125000 0.175000
vt 0.125000 0.500000
vt 0.125000 0.825000
vt 0.125000 0.150000
vt 0.125000 0.475000
vt 0.125000 0.800000
vt 0.125000 0.125000
vt 0.125000 0.450000
vt 0.125000 0.775000
vt 0.125000 0.100000
vt 0.125000 0.425000
vt 0.125000 0.750000
vt 0.125000 0.075000
vt 0.093750 0.750000
vt 0.093750 0.725000
vt 0.093750 0.075000
vt 0.093751 0.050000
vt 0.093750 0.400000
vt 0.093750 0.375000
vt 0.093750 0.700000
vt 0.093752 0.025000
vt 0.093750 0.350000
vt 0.093750 0.675000
vt 0.109377 0.000000
vt 0.093750 0.325000
vt 0.093750 0.650000
vt 0.093750 0.300000
vt 0.093750 0.625000
vt 0.093750 0.275000
vt 0.093750 0.600000
vt 0.093751 0.950000
vt 0.093750 0.924999
vt 0.093750 0.250000
vt 0.093750 0.575000
vt 0.093750 0.900000
vt 0.093750 0.225000
vt 0.093750 0.550000
vt 0.093750 0.875000
vt 0.093750 0.200000
vt 0.093750 0.525000
vt 0.093750 0.850000
vt 0.093750 0.175000
vt 0.093750 0.500000
vt 0.093750 0.825000
vt 0.093750 0.150000
vt 0.093750 0.475000
vt 0.093750 0.800000
vt 0.093750 0.125000
vt 0.093750 0.450000
vt 0.093750 0.775000
vt 0.093750 0.100000
vt 0.093750 0.425000
vt 0.062500 0.800000
vt 0.062500 0.775000
vt 0.062500 0.125000
vt 0.062500 0.100000
vt 0.062500 0.450000
vt 0.062500 0.425000
vt 0.062500 0.750000
vt 0.062501 0.075000
vt 0.062500 0.400000
vt 0.062500 0.725000
vt 0.062501 0.050000
vt 0.062500 0.375000
vt 0.062500 0.700000
vt 0.062502 0.025000
vt 0.062500 0.350000
vt 0.062500 0.675000
vt 0.078128 0.000000
vt 0.062500 0.325000
vt 0.062500 0.650000
vt 0.062500 0.300000
vt 0.062500 0.625000
vt 0.062500 0.275000
vt 0.062500 0.600000
vt 0.062501 0.950000
vt 0.062500 0.925000
vt 0.062500 0.250000
vt 0.062500 0.575000
vt 0.062500 0.900000
vt 0.062500 0.225000
vt 0.062500 0.550000
vt 0.062500 0.875000
vt 0.062500 0.200000
vt 0.062500 0.525000
vt 0.062500 0.850000
vt 0.062500 0.175000
vt 0.062500 0.500000
vt 0.062500 0.825000
vt 0.062500 0.150000
vt 0.062500 0.475000
vt 0.031250 0.150000
vt 0.031250 0.125000
vt 0.031250 0.475000
vt 0.031250 0.450000
vt 0.031250 0.800000
vt 0.031250 0.775000
vt 0.031250 0.100000
vt 0.031250 0.425000
vt 0.031250 0.750000
vt 0.031251 0.075000
vt 0.031250 0.400000
vt 0.031250 0.725000
vt 0.031251 0.050000
vt 0.031250 0.375000
vt 0.031250 0.700000
vt 0.031252 0.025000
vt 0.031250 0.350000
vt 0.031250 0.675000
vt 0.046878 0.000000
vt 0.031250 0.325000
vt 0.031250 0.650000
vt 0.031250 0.300000
vt 0.031250 0.625000
vt 0.031250 0.275000
vt 0.031250 0.600000
vt 0.031251 0.950000
vt 0.031251 0.925000
vt 0.031250 0.250000
vt 0.031250 0.575000
vt 0.031250 0.900000
vt 0.031250 0.225000
vt 0.031250 0.550000
vt 0.031250 0.875000
vt 0.031250 0.200000
vt 0.031250 0.525000
vt 0.031250 0.850000
vt 0.031250 0.175000
vt 0.031250 0.500000
vt 0.031250 0.825000
vt 0.000000 0.500000
vt 0.000000 0.475000
vt 0.000000 0.825000
vt 0.000000 0.800000
vt 0.000000 0.150000
vt 0.000000 0.125000
vt 0.000000 0.450000
vt 0.000000 0.775000
vt 0.000000 0.100000
vt 0.000000 0.425000
vt 0.000000 0.750000
vt 0.000001 0.075000
vt 0.000000 0.400000
vt 0.000000 0.725000
vt 0.000001 0.050000
vt 0.000000 0.375000
vt 0.000000 0.700000
vt 0.000002 0.025000
vt 0.000000 0.350000
vt 0.000000 0.675000
vt 0.015628 0.000000
vt 0.000000 0.325000
vt 0.000000 0.650000
vt 0.000000 0.300000
vt 0.000000 0.625000
vt 0.000000 0.275000
vt 0.000000 0.600000
vt 0.000001 0.950000
vt 0.000001 0.925000
vt 0.000000 0.250000
vt 0.000000 0.575000
vt 0.000000 0.900000
vt 0.000000 0.225000
vt 0.000000 0.550000
vt 0.000000 0.875000
vt 0.000000 0.200000
vt 0.000000 0.525000
vt 0.000000 0.850000
vt 0.000000 0.175000
vt 1.000000 0.825000
vt 1.000000 0.850000
vt 0.968750 0.850000
vt 0.968750 0.825000
vt 1.000000 0.150000
vt 1.000000 0.175000
vt 0.968750 0.175000
vt 0.968750 0.150000
vt 1.000000 0.475000
vt 1.000000 0.500000
vt 0.968750 0.500000
vt 0.968750 0.475000
vt 1.000000 0.800000
vt 0.968750 0.800000
vt 1.000000 0.125000
vt 0.968750 0.125000
vt 1.000000 0.450000
vt 0.968750 0.450000
vt 1.000000 0.775000
vt 0.968750 0.775000
vt 1.000000 0.100000
vt 0.968750 0.100000
vt 1.000000 0.425000
vt 0.968750 0.425000
vt 1.000000 0.750000
vt 0.968750 0.750000
vt 1.000001 0.075000
vt 0.968751 0.075000
vt 1.000000 0.400000
vt 0.968750 0.400000
vt 1.000000 0.725000
vt 0.968750 0.725000
vt 1.000001 0.050000
vt 0.968751 0.050000
vt 1.000000 0.375000
vt 0.968750 0.375000
vt 1.000000 0.700000
vt 0.968750 0.700000
vt 1.000002 0.025000
vt 0.968752 0.025000
vt 1.000000 0.350000
vt 0.968750 0.350000
vt 1.000000 0.675000
vt 0.968750 0.675000
vt 0.984378 0.000000
vt 1.000000 0.325000
vt 0.968750 0.325000
vt 1.000000 0.650000
vt 0.968750 0.650000
vt 1.000000 0.300000
vt 0.968750 0.300000
vt 1.000000 0.625000
vt 0.968750 0.625000
vt 1.000000 0.275000
vt 0.968750 0.275000
vt 1.000000 0.600000
vt 0.968750 0.600000
vt 1.000001 0.925000
vt 1.000001 0.950000
vt 0.968751 0.950000
vt 0.968750 0.925000
vt 1.000000 0.250000
vt 0.968750 0.250000
vt 1.000000 0.575000
vt 0.968750 0.575000
vt 1.000000 0.900000
vt 0.968750 0.900000
vt 1.000000 0.225000
vt 0.968750 0.225000
vt 1.000000 0.550000
vt 0.968750 0.550000
vt 1.000000 0.875000
vt 0.968750 0.875000
vt 1.000000 0.200000
vt 0.968750 0.200000
vt 1.000000 0.525000
vt 0.968750 0.525000
vt 0.937500 0.525000
vt 0.937500 0.500000
vt 0.937500 0.850000
vt 0.937500 0.825000
vt 0.937500 0.175000
vt 0.937500 0.150000
vt 0.937500 0.475000
vt 0.937500 0.800000
vt 0.937500 0.125000
vt 0.937500 0.450000
vt 0.937500 0.775000
vt 0.937500 0.100000
vt 0.937500 0.425000
vt 0.937500 0.750000
vt 0.937500 0.075000
vt 0.937500 0.400000
vt 0.937500 0.725000
vt 0.937501 0.050000
vt 0.937500 0.375000
vt 0.937500 0.700000
vt 0.937502 0.025000
vt 0.937500 0.350000
vt 0.937500 0.675000
vt 0.953128 0.000000
vt 0.937500 0.325000
vt 0.937500 0.650000
vt 0.937500 0.300000
vt 0.937500 0.625000
vt 0.937500 0.275000
vt 0.937500 0.600000
vt 0.937501 0.950000
vt 0.937500 0.925000
vt 0.937500 0.250000
vt 0.937500 0.575000
vt 0.937500 0.900000
vt 0.937500 0.225000
vt 0.937500 0.550000
vt 0.937500 0.875000
vt 0.937500 0.200000
vt 0.906250 0.875000
vt 0.906250 0.850000
vt 0.906250 0.200000
vt 0.906250 0.175000
vt 0.906250 0.525000
vt 0.906250 0.500000
vt 0.906250 0.825000
vt 0.906250 0.150000
vt 0.906250 0.475000
vt 0.906250 0.800000
vt 0.906250 0.125000
vt 0.906250 0.450000
vt 0.906250 0.775000
vt 0.906250 0.100000
vt 0.906250 0.425000
vt 0.906250 0.750000
vt 0.906250 0.075000
vt 0.906250 0.400000
vt 0.906250 0.725000
vt 0.906251 0.050000
vt 0.906250 0.375000
vt 0.906250 0.700000
vt 0.906252 0.025000
vt 0.906250 0.350000
vt 0.906250 0.675000
vt 0.921878 0.000000
vt 0.906250 0.325000
vt 0.906250 0.650000
vt 0.906250 0.300000
vt 0.906250 0.625000
vt 0.906250 0.275000
vt 0.906250 0.600000
vt 0.906251 0.950000
vt 0.906250 0.925000
vt 0.906250 0.250000
vt 0.906250 0.575000
vt 0.906250 0.900000
vt 0.906250 0.225000
vt 0.906250 0.550000
vt 0.875000 0.225000
vt 0.875000 0.200000
vt 0.875000 0.550000
vt 0.875000 0.525000
vt 0.875000 0.875000
vt 0.875000 0.850000
vt 0.875000 0.175000
vt 0.875000 0.500000
vt 0.875000 0.825000
vt 0.875000 0.150000
vt 0.875000 0.475000
vt 0.875000 0.800000
vt 0.875000 0.125000
vt 0.875000 0.450000
vt 0.875000 0.775000
vt 0.875000 0.100000
vt 0.875000 0.425000
vt 0.875000 0.750000
vt 0.875000 0.075000
vt 0.875000 0.400000
vt 0.875000 0.725000
vt 0.875001 0.050000
vt 0.875000 0.375000
vt 0.875000 0.700000
vt 0.875001 0.025000
vt 0.875000 0.350000
vt 0.875000 0.675000
vt 0.890627 0.000000
vt 0.875000 0.325000
vt 0.875000 0.650000
vt 0.875000 0.300000
vt 0.875000 0.625000
vt 0.875000 0.275000
vt 0.875000 0.600000
vt 0.875001 0.950000
vt 0.875000 0.925000
vt 0.875000 0.250000
vt 0.875000 0.575000
vt 0.875000 0.900000
vt 0.843750 0.575000
vt 0.843750 0.550000
vt 0.843750 0.900000
vt 0.843750 0.875000
vt 0.843750 0.225000
vt 0.843750 0.200000
vt 0.843750 0.525000
vt 0.843750 0.850000
vt 0.843750 0.175000
vt 0.843750 0.500000
vt 0.843750 0.825000
vt 0.843750 0.150000
vt 0.843750 0.475000
vt 0.843750 0.800000
vt 0.843750 0.125000
vt 0.843750 0.450000
vt 0.843750 0.775000
vt 0.843750 0.100000
vt 0.843750 0.425000
vt 0.843750 0.750000
vt 0.843750 0.075000
vt 0.843750 0.400000
vt 0.843750 0.725000
vt 0.843750 0.050000
vt 0.843750 0.375000
vt 0.843750 0.700000
vt 0.843751 0.025000
vt 0.843750 0.350000
vt 0.843750 0.675000
vt 0.859377 0.000000
vt 0.843750 0.325000
vt 0.843750 0.650000
vt 0.843750 0.300000
vt 0.843750 0.625000
vt 0.843750 0.275000
vt 0.843750 0.600000
vt 0.843750 0.950000
vt 0.843750 0.925000
vt 0.843750 0.250000
vt 0.812500 0.925000
vt 0.812500 0.900000
vt 0.812500 0.250000
vt 0.812500 0.225000
vt 0.812500 0.575000
vt 0.812500 0.550000
vt 0.812500 0.875000
vt 0.812500 0.200000
vt 0.812500 0.525000
vt 0.812500 0.850000
vt 0.812500 0.175000
vt 0.812500 0.500000
vt 0.812500 0.825000
vt 0.812500 0.150000
vt 0.812500 0.475000
vt 0.812500 0.800000
vt 0.812500 0.125000
vt 0.812500 0.450000
vt 0.812500 0.775000
vt 0.812500 0.100000
vt 0.812500 0.425000
vt 0.812500 0.750000
vt 0.812500 0.075000
vt 0.812500 0.400000
vt 0.812500 0.725000
vt 0.812500 0.050000
vt 0.812500 0.375000
vt 0.812500 0.700000
vt 0.812501 0.025000
vt 0.812500 0.350000
vt 0.812500 0.675000
vt 0.828126 0.000000
vt 0.812500 0.325000
vt 0.812500 0.650000
vt 0.812500 0.300000
vt 0.812500 0.625000
vt 0.812500 0.275000
vt 0.812500 0.600000
vt 0.812500 0.950000
vt 0.781250 0.600000
vt 0.781250 0.575000
vt 0.781250 0.925000
vt 0.781250 0.900000
vt 0.781250 0.250000
vt 0.781250 0.225000
vt 0.781250 0.550000
vt 0.781250 0.875000
vt 0.781250 0.200000
vt 0.781250 0.525000
vt 0.781250 0.850000
vt 0.781250 0.175000
vt 0.781250 0.500000
vt 0.781250 0.825000
vt 0.781250 0.150000
vt 0.781250 0.475000
vt 0.781250 0.800000
vt 0.781250 0.125000
vt 0.781250 0.450000
vt 0.781250 0.775000
vt 0.781250 0.100000
vt 0.781250 0.425000
vt 0.781250 0.750000
vt 0.781250 0.075000
vt 0.781250 0.400000
vt 0.781250 0.725000
vt 0.781250 0.050000
vt 0.781250 0.375000
vt 0.781250 0.700000
vt 0.781250 0.025000
vt 0.781250 0.350000
vt 0.781250 0.675000
vt 0.796876 0.000000
vt 0.781250 0.325000
vt 0.781250 0.650000
vt 0.781250 0.300000
vt 0.781250 0.625000
vt 0.781250 0.275000
vt 0.781250 0.950000
vt 0.765625 0.000000
vn 0.0973 -0.1170 -0.9884
vn 0.0609 0.7839 -0.6179
vn 0.0341 -0.9376 -0.3459
vn 0.0962 -0.1942 -0.9762
vn 0.0667 0.7327 -0.6773
vn 0.0267 -0.9621 -0.2713
vn 0.0944 -0.2702 -0.9582
vn 0.0721 0.6770 -0.7324
vn 0.0192 -0.9806 -0.1951
vn 0.0920 -0.3446 -0.9342
vn 0.0771 0.6173 -0.7830
vn 0.0116 -0.9930 -0.1175
vn 0.0891 -0.4170 -0.9045
vn 0.0816 0.5537 -0.8287
vn 0.0039 -0.9992 -0.0393
vn 0.0856 -0.4868 -0.8693
vn 0.0856 0.4868 -0.8693
vn 0.0816 -0.5537 -0.8287
vn 0.0891 0.4170 -0.9045
vn 0.0771 -0.6172 -0.7830
vn 0.0920 0.3446 -0.9342
vn 0.0192 0.9806 -0.1951
vn 0.0721 -0.6770 -0.7324
vn 0.0944 0.2702 -0.9582
vn 0.0267 0.9621 -0.2713
vn 0.0667 -0.7327 -0.6773
vn 0.0962 0.1942 -0.9762
vn 0.0341 0.9376 -0.3459
vn 0.0609 -0.7839 -0.6179
vn 0.0973 0.1170 -0.9884
vn 0.0412 0.9074 -0.4183
vn 0.0546 -0.8302 -0.5547
vn 0.0979 0.0391 -0.9944
vn 0.0481 0.8715 -0.4881
vn 0.0481 -0.8715 -0.4881
vn 0.0979 -0.0391 -0.9944
vn 0.0546 0.8302 -0.5547
vn 0.0412 -0.9074 -0.4183
vn 0.1802 0.7839 -0.5942
vn 0.1009 -0.9376 -0.3326
vn 0.2848 -0.1942 -0.9387
vn 0.1976 0.7327 -0.6513
vn 0.0791 -0.9621 -0.2609
vn 0.2795 -0.2702 -0.9213
vn 0.2136 0.6770 -0.7043
vn 0.0569 -0.9806 -0.1876
vn 0.2725 -0.3446 -0.8983
vn 0.2284 0.6172 -0.7529
vn 0.0343 -0.9930 -0.1130
vn 0.2638 -0.4170 -0.8698
vn 0.2417 0.5537 -0.7968
vn 0.0115 -0.9992 -0.0378
vn 0.2536 -0.4868 -0.8359
vn 0.2536 0.4868 -0.8359
vn 0.2417 -0.5537 -0.7968
vn 0.2638 0.4170 -0.8698
vn 0.2284 -0.6173 -0.7529
vn 0.2725 0.3446 -0.8983
vn 0.0569 0.9806 -0.1876
vn 0.2136 -0.6770 -0.7043
vn 0.2795 0.2702 -0.9213
vn 0.0791 0.9621 -0.2609
vn 0.1976 -0.7327 -0.6513
vn 0.2848 0.1942 -0.9387
vn 0.1009 0.9376 -0.3326
vn 0.1802 -0.7839 -0.5942
vn 0.2883 0.1170 -0.9504
vn 0.1220 0.9074 -0.4022
vn 0.1618 -0.8302 -0.5334
vn 0.2901 0.0391 -0.9562
vn 0.1424 0.8715 -0.4693
vn 0.1424 -0.8715 -0.4693
vn 0.2901 -0.0391 -0.9562
vn 0.1618 0.8302 -0.5334
vn 0.1220 -0.9074 -0.4022
vn 0.2883 -0.1170 -0.9504
vn 0.1981 -0.9074 -0.3707
vn 0.4682 -0.1170 -0.8759
vn 0.2927 0.7839 -0.5476
vn 0.1639 -0.9376 -0.3065
vn 0.4624 -0.1942 -0.8651
vn 0.3208 0.7327 -0.6002
vn 0.1285 -0.9621 -0.2405
vn 0.4539 -0.2702 -0.8491
vn 0.3469 0.6770 -0.6491
vn 0.0924 -0.9806 -0.1729
vn 0.4425 -0.3446 -0.8279
vn 0.3709 0.6172 -0.6939
vn 0.0557 -0.9930 -0.1042
vn 0.4285 -0.4170 -0.8016
vn 0.3925 0.5537 -0.7344
vn 0.0186 -0.9992 -0.0348
vn 0.4118 -0.4868 -0.7704
vn 0.4118 0.4868 -0.7704
vn 0.3925 -0.5537 -0.7344
vn 0.4285 0.4170 -0.8016
vn 0.3709 -0.6173 -0.6939
vn 0.4425 0.3446 -0.8279
vn 0.0924 0.9806 -0.1729
vn 0.3469 -0.6770 -0.6491
vn 0.4539 0.2702 -0.8491
vn 0.1285 0.9621 -0.2405
vn 0.3208 -0.7327 -0.6002
vn 0.4624 0.1942 -0.8651
vn 0.1639 0.9376 -0.3065
vn 0.2927 -0.7839 -0.5476
vn 0.4682 0.1170 -0.8759
vn 0.1981 0.9074 -0.3707
vn 0.2628 -0.8302 -0.4916
vn 0.4710 0.0391 -0.8812
vn 0.2312 0.8715 -0.4325
vn 0.2312 -0.8715 -0.4325
vn 0.4710 -0.0391 -0.8812
vn 0.2628 0.8302 -0.4916
vn 0.6339 -0.0391 -0.7724
vn 0.3536 0.8302 -0.4309
vn 0.2667 -0.9074 -0.3249
vn 0.6300 -0.1170 -0.7677
vn 0.3939 0.7839 -0.4800
vn 0.2205 -0.9376 -0.2687
vn 0.6223 -0.1942 -0.7583
vn 0.4317 0.7327 -0.5261
vn 0.1730 -0.9621 -0.2108
vn 0.6108 -0.2702 -0.7443
vn 0.4669 0.6770 -0.5689
vn 0.1243 -0.9806 -0.1515
vn 0.5955 -0.3446 -0.7256
vn 0.4991 0.6172 -0.6082
vn 0.0749 -0.9930 -0.0913
vn 0.5766 -0.4170 -0.7026
vn 0.5283 0.5537 -0.6437
vn 0.0250 -0.9992 -0.0305
vn 0.5541 -0.4868 -0.6752
vn 0.5541 0.4868 -0.6752
vn 0.5283 -0.5537 -0.6437
vn 0.5766 0.4170 -0.7026
vn 0.4991 -0.6173 -0.6082
vn 0.5955 0.3446 -0.7256
vn 0.1243 0.9806 -0.1515
vn 0.4669 -0.6770 -0.5689
vn 0.6108 0.2702 -0.7443
vn 0.1730 0.9621 -0.2108
vn 0.4317 -0.7327 -0.5261
vn 0.6223 0.1942 -0.7583
vn 0.2205 0.9376 -0.2687
vn 0.3939 -0.7839 -0.4800
vn 0.6300 0.1170 -0.7677
vn 0.2667 0.9074 -0.3249
vn 0.3536 -0.8302 -0.4309
vn 0.6339 0.0391 -0.7724
vn 0.3111 0.8715 -0.3791
vn 0.3111 -0.8715 -0.3791
vn 0.3791 0.8715 -0.3111
vn 0.3791 -0.8715 -0.3111
vn 0.7724 -0.0391 -0.6339
vn 0.4309 0.8302 -0.3536
vn 0.3249 -0.9074 -0.2667
vn 0.7677 -0.1170 -0.6300
vn 0.4800 0.7839 -0.3939
vn 0.2687 -0.9376 -0.2205
vn 0.7583 -0.1942 -0.6223
vn 0.5261 0.7327 -0.4317
vn 0.2108 -0.9621 -0.1730
vn 0.7443 -0.2702 -0.6108
vn 0.5689 0.6770 -0.4669
vn 0.1515 -0.9806 -0.1243
vn 0.7256 -0.3446 -0.5955
vn 0.6082 0.6172 -0.4991
vn 0.0913 -0.9930 -0.0749
vn 0.7026 -0.4170 -0.5766
vn 0.6437 0.5537 -0.5283
vn 0.0305 -0.9992 -0.0250
vn 0.6752 -0.4868 -0.5541
vn 0.6752 0.4868 -0.5541
vn 0.6437 -0.5537 -0.5283
vn 0.7026 0.4170 -0.5766
vn 0.6082 -0.6173 -0.4991
vn 0.7257 0.3446 -0.5955
vn 0.1515 0.9806 -0.1243
vn 0.5689 -0.6770 -0.4669
vn 0.7443 0.2702 -0.6108
vn 0.2108 0.9621 -0.1730
vn 0.5261 -0.7327 -0.4317
vn 0.7583 0.1942 -0.6223
vn 0.2687 0.9376 -0.2205
vn 0.4800 -0.7839 -0.3939
vn 0.7677 0.1170 -0.6300
vn 0.3249 0.9074 -0.2667
vn 0.4309 -0.8302 -0.3536
vn 0.7724 0.0391 -0.6339
vn 0.8812 0.0391 -0.4710
vn 0.4325 0.8715 -0.2312
vn 0.4325 -0.8715 -0.2312
vn 0.8812 -0.0391 -0.4710
vn 0.4916 0.8302 -0.2628
vn 0.3707 -0.9074 -0.1981
vn 0.8759 -0.1170 -0.4682
vn 0.5476 0.7839 -0.2927
vn 0.3065 -0.9376 -0.1639
vn 0.8651 -0.1942 -0.4624
vn 0.6002 0.7327 -0.3208
vn 0.2405 -0.9621 -0.1285
vn 0.8491 -0.2702 -0.4539
vn 0.6491 0.6770 -0.3469
vn 0.1729 -0.9806 -0.0924
vn 0.8279 -0.3446 -0.4425
vn 0.6939 0.6172 -0.3709
vn 0.1042 -0.9930 -0.0557
vn 0.8016 -0.4170 -0.4285
vn 0.7344 0.5537 -0.3925
vn 0.0348 -0.9992 -0.0186
vn 0.7704 -0.4868 -0.4118
vn 0.7704 0.4868 -0.4118
vn 0.7344 -0.5537 -0.3925
vn 0.8016 0.4170 -0.4285
vn 0.6939 -0.6173 -0.3709
vn 0.8279 0.3446 -0.4425
vn 0.1729 0.9806 -0.0924
vn 0.6491 -0.6770 -0.3469
vn 0.8491 0.2702 -0.4539
vn 0.2405 0.9621 -0.1285
vn 0.6002 -0.7327 -0.3208
vn 0.8651 0.1942 -0.4624
vn 0.3065 0.9376 -0.1639
vn 0.5476 -0.7839 -0.2927
vn 0.8759 0.1170 -0.4682
vn 0.3707 0.9074 -0.1981
vn 0.4916 -0.8302 -0.2628
vn 0.4022 0.9074 -0.1220
vn 0.5334 -0.8302 -0.1618
vn 0.9562 0.0391 -0.2901
vn 0.4693 0.8715 -0.1424
vn 0.4693 -0.8715 -0.1424
vn 0.9562 -0.0391 -0.2901
vn 0.5334 0.8302 -0.1618
vn 0.4022 -0.9074 -0.1220
vn 0.9504 -0.1170 -0.2883
vn 0.5942 0.7839 -0.1802
vn 0.3326 -0.9376 -0.1009
vn 0.9387 -0.1942 -0.2848
vn 0.6513 0.7327 -0.1976
vn 0.2609 -0.9621 -0.0791
vn 0.9213 -0.2702 -0.2795
vn 0.7043 0.6770 -0.2136
vn 0.1876 -0.9806 -0.0569
vn 0.8983 -0.3446 -0.2725
vn 0.7529 0.6173 -0.2284
vn 0.1130 -0.9930 -0.0343
vn 0.8698 -0.4170 -0.2638
vn 0.7968 0.5537 -0.2417
vn 0.0378 -0.9992 -0.0115
vn 0.8359 -0.4868 -0.2536
vn 0.8359 0.4868 -0.2536
vn 0.7968 -0.5537 -0.2417
vn 0.8698 0.4170 -0.2638
vn 0.7529 -0.6173 -0.2284
vn 0.8983 0.3446 -0.2725
vn 0.1876 0.9806 -0.0569
vn 0.7043 -0.6770 -0.2136
vn 0.9213 0.2702 -0.2795
vn 0.2609 0.9621 -0.0791
vn 0.6513 -0.7327 -0.1976
vn 0.9387 0.1942 -0.2848
vn 0.3326 0.9376 -0.1009
vn 0.5942 -0.7839 -0.1802
vn 0.9504 0.1170 -0.2883
vn 0.6179 -0.7839 -0.0609
vn 0.9884 0.1170 -0.0973
vn 0.4183 0.9074 -0.0412
vn 0.5547 -0.8302 -0.0546
vn 0.9944 0.0391 -0.0979
vn 0.4881 0.8715 -0.0481
vn 0.4881 -0.8715 -0.0481
vn 0.9944 -0.0391 -0.0979
vn 0.5547 0.8302 -0.0546
vn 0.4183 -0.9074 -0.0412
vn 0.9884 -0.1170 -0.0973
vn 0.6179 0.7839 -0.0609
vn 0.3459 -0.9376 -0.0341
vn 0.9762 -0.1942 -0.0962
vn 0.6773 0.7327 -0.0667
vn 0.2713 -0.9621 -0.0267
vn 0.9582 -0.2702 -0.0944
vn 0.7324 0.6770 -0.0721
vn 0.1951 -0.9806 -0.0192
vn 0.9342 -0.3446 -0.0920
vn 0.7830 0.6172 -0.0771
vn 0.1175 -0.9930 -0.0116
vn 0.9045 -0.4170 -0.0891
vn 0.8287 0.5537 -0.0816
vn 0.0393 -0.9992 -0.0039
vn 0.8693 -0.4868 -0.0856
vn 0.8693 0.4868 -0.0856
vn 0.8287 -0.5537 -0.0816
vn 0.9045 0.4170 -0.0891
vn 0.7830 -0.6173 -0.0771
vn 0.9342 0.3446 -0.0920
vn 0.1951 0.9806 -0.0192
vn 0.7324 -0.6770 -0.0721
vn 0.9582 0.2702 -0.0944
vn 0.2713 0.9621 -0.0267
vn 0.6773 -0.7327 -0.0667
vn 0.9762 0.1942 -0.0962
vn 0.3459 0.9376 -0.0341
vn 0.9762 0.1942 0.0962
vn 0.3459 0.9376 0.0341
vn 0.6179 -0.7839 0.0609
vn 0.9884 0.1170 0.0973
vn 0.4183 0.9074 0.0412
vn 0.5547 -0.8302 0.0546
vn 0.9944 0.0391 0.0979
vn 0.4881 0.8715 0.0481
vn 0.4881 -0.8715 0.0481
vn 0.9944 -0.0391 0.0979
vn 0.5547 0.8302 0.0546
vn 0.4183 -0.9074 0.0412
vn 0.9884 -0.1170 0.0973
vn 0.6179 0.7839 0.0609
vn 0.3459 -0.9376 0.0341
vn 0.9762 -0.1942 0.0962
vn 0.6773 0.7327 0.0667
vn 0.2713 -0.9621 0.0267
vn 0.9582 -0.2702 0.0944
vn 0.7324 0.6770 0.0721
vn 0.1951 -0.9806 0.0192
vn 0.9342 -0.3446 0.0920
vn 0.7830 0.6172 0.0771
vn 0.1175 -0.9930 0.0116
vn 0.9045 -0.4170 0.0891
vn 0.8287 0.5537 0.0816
vn 0.0393 -0.9992 0.0039
vn 0.8693 -0.4868 0.0856
vn 0.8693 0.4868 0.0856
vn 0.8287 -0.5537 0.0816
vn 0.9045 0.4170 0.0891
vn 0.7830 -0.6173 0.0771
vn 0.9342 0.3446 0.0920
vn 0.1951 0.9806 0.0192
vn 0.7324 -0.6770 0.0721
vn 0.9582 0.2702 0.0944
vn 0.2713 0.9621 0.0267
vn 0.6773 -0.7327 0.0667
vn 0.2609 0.9621 0.0791
vn 0.6513 -0.7327 0.1976
vn 0.9387 0.1942 0.2848
vn 0.3326 0.9376 0.1009
vn 0.5942 -0.7839 0.1802
vn 0.9504 0.1170 0.2883
vn 0.4022 0.9074 0.1220
vn 0.5334 -0.8302 0.1618
vn 0.9562 0.0391 0.2901
vn 0.4693 0.8715 0.1424
vn 0.4693 -0.8715 0.1424
vn 0.9562 -0.0391 0.2901
vn 0.5334 0.8302 0.1618
vn 0.4022 -0.9074 0.1220
vn 0.9504 -0.1170 0.2883
vn 0.5942 0.7839 0.1802
vn 0.3326 -0.9376 0.1009
vn 0.9387 -0.1942 0.2848
vn 0.6513 0.7327 0.1976
vn 0.2609 -0.9621 0.0791
vn 0.9213 -0.2702 0.2795
vn 0.7043 0.6770 0.2136
vn 0.1876 -0.9806 0.0569
vn 0.8983 -0.3446 0.2725
vn 0.7529 0.6172 0.2284
vn 0.1130 -0.9930 0.0343
vn 0.8698 -0.4170 0.2638
vn 0.7968 0.5537 0.2417
vn 0.0378 -0.9992 0.0114
vn 0.8359 -0.4868 0.2536
vn 0.8359 0.4868 0.2536
vn 0.7968 -0.5537 0.2417
vn 0.8698 0.4170 0.2638
vn 0.7529 -0.6173 0.2284
vn 0.8983 0.3446 0.2725
vn 0.1876 0.9806 0.0569
vn 0.7043 -0.6770 0.2136
vn 0.9213 0.2702 0.2795
vn 0.8491 0.2702 0.4539
vn 0.2405 0.9621 0.1285
vn 0.6002 -0.7327 0.3208
vn 0.8651 0.1942 0.4624
vn 0.3065 0.9376 0.1639
vn 0.5476 -0.7839 0.2927
vn 0.8759 0.1170 0.4682
vn 0.3707 0.9074 0.1981
vn 0.4916 -0.8302 0.2628
vn 0.8812 0.0391 0.4710
vn 0.4325 0.8715 0.2312
vn 0.4325 -0.8715 0.2312
vn 0.8812 -0.0391 0.4710
vn 0.4916 0.8302 0.2628
vn 0.3707 -0.9074 0.1981
vn 0.8759 -0.1170 0.4682
vn 0.5476 0.7839 0.2927
vn 0.3065 -0.9376 0.1639
vn 0.8651 -0.1942 0.4624
vn 0.6002 0.7327 0.3208
vn 0.2405 -0.9621 0.1285
vn 0.8491 -0.2702 0.4539
vn 0.6491 0.6770 0.3469
vn 0.1729 -0.9806 0.0924
vn 0.8279 -0.3446 0.4425
vn 0.6939 0.6172 0.3709
vn 0.1042 -0.9930 0.0557
vn 0.8016 -0.4170 0.4285
vn 0.7344 0.5537 0.3925
vn 0.0348 -0.9992 0.0186
vn 0.7704 -0.4868 0.4118
vn 0.7704 0.4868 0.4118
vn 0.7344 -0.5537 0.3925
vn 0.8016 0.4170 0.4285
vn 0.6939 -0.6173 0.3709
vn 0.8279 0.3446 0.4425
vn 0.1729 0.9806 0.0924
vn 0.6491 -0.6770 0.3469
vn 0.1515 0.9806 0.1243
vn 0.5689 -0.6770 0.4669
vn 0.7443 0.2702 0.6108
vn 0.2108 0.9621 0.1730
vn 0.5261 -0.7327 0.4317
vn 0.7583 0.1942 0.6223
vn 0.2687 0.9376 0.2205
vn 0.4800 -0.7839 0.3939
vn 0.7677 0.1170 0.6300
vn 0.3249 0.9074 0.2667
vn 0.4309 -0.8302 0.3536
vn 0.7724 0.0391 0.6339
vn 0.3791 0.8715 0.3111
vn 0.3791 -0.8715 0.3111
vn 0.7724 -0.0391 0.6339
vn 0.4309 0.8302 0.3536
vn 0.3249 -0.9074 0.2667
vn 0.7677 -0.1170 0.6300
vn 0.4800 0.7839 0.3939
vn 0.2687 -0.9376 0.2205
vn 0.7583 -0.1942 0.6223
vn 0.5261 0.7327 0.4317
vn 0.2108 -0.9621 0.1730
vn 0.7443 -0.2702 0.6108
vn 0.5689 0.6770 0.4669
vn 0.1515 -0.9806 0.1243
vn 0.7256 -0.3446 0.5955
vn 0.6082 0.6172 0.4991
vn 0.0913 -0.9930 0.0749
vn 0.7026 -0.4170 0.5766
vn 0.6437 0.5537 0.5283
vn 0.0305 -0.9992 0.0250
vn 0.6752 -0.4868 0.5541
vn 0.6752 0.4868 0.5541
vn 0.6437 -0.5537 0.5283
vn 0.7026 0.4170 0.5766
vn 0.6082 -0.6173 0.4991
vn 0.7256 0.3446 0.5955
vn 0.4991 -0.6173 0.6082
vn 0.5955 0.3446 0.7256
vn 0.1243 0.9806 0.1515
vn 0.4669 -0.6770 0.5689
vn 0.6108 0.2702 0.7443
vn 0.1730 0.9621 0.2108
vn 0.4317 -0.7327 0.5261
vn 0.6223 0.1942 0.7583
vn 0.2205 0.9376 0.2687
vn 0.3939 -0.7839 0.4800
vn 0.6300 0.1170 0.7677
vn 0.2667 0.9074 0.3249
vn 0.3536 -0.8302 0.4309
vn 0.6339 0.0391 0.7724
vn 0.3111 0.8715 0.3791
vn 0.3111 -0.8715 0.3791
vn 0.6339 -0.0391 0.7724
vn 0.3536 0.8302 0.4309
vn 0.2667 -0.9074 0.3249
vn 0.6300 -0.1170 0.7677
vn 0.3939 0.7839 0.4800
vn 0.2205 -0.9376 0.2687
vn 0.6223 -0.1942 0.7583
vn 0.4317 0.7327 0.5261
vn 0.1730 -0.9621 0.2108
vn 0.6108 -0.2702 0.7443
vn 0.4669 0.6770 0.5689
vn 0.1243 -0.9806 0.1515
vn 0.5955 -0.3446 0.7256
vn 0.4991 0.6172 0.6082
vn 0.0749 -0.9930 0.0913
vn 0.5766 -0.4170 0.7026
vn 0.5283 0.5537 0.6437
vn 0.0250 -0.9992 0.0305
vn 0.5541 -0.4868 0.6752
vn 0.5541 0.4868 0.6752
vn 0.5283 -0.5537 0.6437
vn 0.5766 0.4170 0.7026
vn 0.4285 0.4170 0.8016
vn 0.3709 -0.6173 0.6939
vn 0.4425 0.3446 0.8279
vn 0.0924 0.9806 0.1729
vn 0.3469 -0.6770 0.6491
vn 0.4539 0.2702 0.8491
vn 0.1285 0.9621 0.2405
vn 0.3208 -0.7327 0.6002
vn 0.4624 0.1942 0.8651
vn 0.1639 0.9376 0.3065
vn 0.2927 -0.7839 0.5476
vn 0.4682 0.1170 0.8759
vn 0.1981 0.9074 0.3707
vn 0.2628 -0.8302 0.4916
vn 0.4710 0.0391 0.8812
vn 0.2312 0.8715 0.4325
vn 0.2312 -0.8715 0.4325
vn 0.4710 -0.0391 0.8812
vn 0.2628 0.8302 0.4916
vn 0.1981 -0.9074 0.3707
vn 0.4682 -0.1170 0.8759
vn 0.2927 0.7839 0.5476
vn 0.1639 -0.9376 0.3065
vn 0.4624 -0.1942 0.8651
vn 0.3208 0.7327 0.6002
vn 0.1285 -0.9621 0.2405
vn 0.4539 -0.2702 0.8491
vn 0.3469 0.6770 0.6491
vn 0.0924 -0.9806 0.1729
vn 0.4425 -0.3446 0.8279
vn 0.3709 0.6172 0.6939
vn 0.0557 -0.9930 0.1042
vn 0.4285 -0.4170 0.8016
vn 0.3925 0.5537 0.7344
vn 0.0186 -0.9992 0.0348
vn 0.4118 -0.4868 0.7704
vn 0.4118 0.4868 0.7704
vn 0.3925 -0.5537 0.7344
vn 0.2417 -0.5537 0.7968
vn 0.2638 0.4170 0.8698
vn 0.2284 -0.6173 0.7529
vn 0.2725 0.3446 0.8983
vn 0.0569 0.9806 0.1876
vn 0.2136 -0.6770 0.7043
vn 0.2795 0.2702 0.9213
vn 0.0791 0.9621 0.2609
vn 0.1976 -0.7327 0.6513
vn 0.2848 0.1942 0.9387
vn 0.1009 0.9376 0.3326
vn 0.1802 -0.7839 0.5942
vn 0.2883 0.1170 0.9504
vn 0.1220 0.9074 0.4022
vn 0.1618 -0.8302 0.5334
vn 0.2901 0.0391 0.9562
vn 0.1424 0.8715 0.4693
vn 0.1424 -0.8715 0.4693
vn 0.2901 -0.0391 0.9562
vn 0.1618 0.8302 0.5334
vn 0.1220 -0.9074 0.4022
vn 0.2883 -0.1170 0.9504
vn 0.1802 0.7839 0.5942
vn 0.1009 -0.9376 0.3326
vn 0.2848 -0.1942 0.9387
vn 0.1976 0.7327 0.6513
vn 0.0791 -0.9621 0.2609
vn 0.2795 -0.2702 0.9213
vn 0.2136 0.6770 0.7043
vn 0.0569 -0.9806 0.1876
vn 0.2725 -0.3446 0.8983
vn 0.2284 0.6172 0.7529
vn 0.0343 -0.9930 0.1130
vn 0.2638 -0.4170 0.8698
vn 0.2417 0.5537 0.7968
vn 0.0115 -0.9992 0.0378
vn 0.2536 -0.4868 0.8359
vn 0.2536 0.4868 0.8359
vn 0.0856 0.4868 0.8693
vn 0.0816 -0.5537 0.8287
vn 0.0891 0.4170 0.9045
vn 0.0771 -0.6173 0.7830
vn 0.0920 0.3446 0.9342
vn 0.0192 0.9806 0.1951
vn 0.0721 -0.6770 0.7324
vn 0.0944 0.2702 0.9582
vn 0.0267 0.9621 0.2713
vn 0.0667 -0.7327 0.6773
vn 0.0962 0.1942 0.9762
vn 0.0341 0.9376 0.3459
vn 0.0609 -0.7839 0.6179
vn 0.0973 0.1170 0.9884
vn 0.0412 0.9074 0.4183
vn 0.0546 -0.8302 0.5547
vn 0.0979 0.0391 0.9944
vn 0.0481 0.8715 0.4881
vn 0.0481 -0.8715 0.4881
vn 0.0979 -0.0391 0.9944
vn 0.0546 0.8302 0.5547
vn 0.0412 -0.9074 0.4183
vn 0.0973 -0.1170 0.9884
vn 0.0609 0.7839 0.6179
vn 0.0341 -0.9376 0.3459
vn 0.0962 -0.1942 0.9762
vn 0.0667 0.7327 0.6773
vn 0.0267 -0.9621 0.2713
vn 0.0944 -0.2702 0.9582
vn 0.0721 0.6770 0.7324
vn 0.0192 -0.9806 0.1951
vn 0.0920 -0.3446 0.9342
vn 0.0771 0.6172 0.7830
vn 0.0116 -0.9930 0.1175
vn 0.0891 -0.4170 0.9045
vn 0.0816 0.5537 0.8287
vn 0.0039 -0.9992 0.0393
vn 0.0856 -0.4868 0.8693
vn -0.0039 -0.9992 0.0393
vn -0.0856 -0.4868 0.8693
vn -0.0856 0.4868 0.8693
vn -0.0816 -0.5537 0.8287
vn -0.0891 0.4170 0.9045
vn -0.0771 -0.6173 0.7830
vn -0.0920 0.3446 0.9342
vn -0.0192 0.9806 0.1951
vn -0.0721 -0.6770 0.7324
vn -0.0944 0.2702 0.9582
vn -0.0267 0.9621 0.2713
vn -0.0667 -0.7327 0.6773
vn -0.0962 0.1942 0.9762
vn -0.0341 0.9376 0.3459
vn -0.0609 -0.7839 0.6179
vn -0.0973 0.1170 0.9884
vn -0.0412 0.9074 0.4183
vn -0.0546 -0.8302 0.5547
vn -0.0979 0.0391 0.9944
vn -0.0481 0.8715 0.4881
vn -0.0481 -0.8715 0.4881
vn -0.0979 -0.0391 0.9944
vn -0.0546 0.8302 0.5547
vn -0.0412 -0.9074 0.4183
vn -0.0973 -0.1170 0.9884
vn -0.0609 0.7839 0.6179
vn -0.0341 -0.9376 0.3459
vn -0.0962 -0.1942 0.9762
vn -0.0667 0.7327 0.6773
vn -0.0267 -0.9621 0.2713
vn -0.0944 -0.2702 0.9582
vn -0.0721 0.6770 0.7324
vn -0.0192 -0.9806 0.1951
vn -0.0920 -0.3446 0.9342
vn -0.0771 0.6172 0.7830
vn -0.0116 -0.9930 0.1175
vn -0.0891 -0.4170 0.9045
vn -0.0816 0.5537 0.8287
vn -0.2638 -0.4170 0.8698
vn -0.2417 0.5537 0.7968
vn -0.0115 -0.9992 0.0378
vn -0.2536 -0.4868 0.8359
vn -0.2536 0.4868 0.8359
vn -0.2417 -0.5537 0.7968
vn -0.2638 0.4170 0.8698
vn -0.2284 -0.6173 0.7529
vn -0.2725 0.3446 0.8983
vn -0.0569 0.9806 0.1876
vn -0.2136 -0.6770 0.7043
vn -0.2795 0.2702 0.9213
vn -0.0791 0.9621 0.2609
vn -0.1976 -0.7327 0.6513
vn -0.2848 0.1942 0.9387
vn -0.1009 0.9376 0.3326
vn -0.1802 -0.7839 0.5942
vn -0.2883 0.1170 0.9504
vn -0.1220 0.9074 0.4022
vn -0.1618 -0.8302 0.5334
vn -0.2901 0.0391 0.9562
vn -0.1424 0.8715 0.4693
vn -0.1424 -0.8715 0.4693
vn -0.2901 -0.0391 0.9562
vn -0.1618 0.8302 0.5334
vn -0.1220 -0.9074 0.4022
vn -0.2883 -0.1170 0.9504
vn -0.1802 0.7839 0.5942
vn -0.1009 -0.9376 0.3326
vn -0.2848 -0.1942 0.9387
vn -0.1976 0.7327 0.6513
vn -0.0791 -0.9621 0.2609
vn -0.2795 -0.2702 0.9213
vn -0.2136 0.6770 0.7043
vn -0.0569 -0.9806 0.1876
vn -0.2725 -0.3446 0.8983
vn -0.2284 0.6172 0.7529
vn -0.0343 -0.9930 0.1130
vn -0.3709 0.6172 0.6939
vn -0.0557 -0.9930 0.1042
vn -0.4285 -0.4170 0.8016
vn -0.3925 0.5537 0.7344
vn -0.0186 -0.9992 0.0348
vn -0.4118 -0.4868 0.7704
vn -0.4118 0.4868 0.7704
vn -0.3925 -0.5537 0.7344
vn -0.4285 0.4170 0.8016
vn -0.3709 -0.6173 0.6939
vn -0.4425 0.3446 0.8279
vn -0.0924 0.9806 0.1729
vn -0.3469 -0.6770 0.6491
vn -0.4539 0.2702 0.8491
vn -0.1285 0.9621 0.2405
vn -0.3208 -0.7327 0.6002
vn -0.4624 0.1942 0.8651
vn -0.1639 0.9376 0.3065
vn -0.2927 -0.7839 0.5476
vn -0.4682 0.1170 0.8759
vn -0.1981 0.9074 0.3707
vn -0.2628 -0.8302 0.4916
vn -0.4710 0.0391 0.8812
vn -0.2312 0.8715 0.4325
vn -0.2312 -0.8715 0.4325
vn -0.4710 -0.0391 0.8812
vn -0.2628 0.8302 0.4916
vn -0.1981 -0.9074 0.3707
vn -0.4682 -0.1170 0.8759
vn -0.2927 0.7839 0.5476
vn -0.1639 -0.9376 0.3065
vn -0.4624 -0.1942 0.8651
vn -0.3208 0.7327 0.6002
vn -0.1285 -0.9621 0.2405
vn -0.4539 -0.2702 0.8491
vn -0.3469 0.6770 0.6491
vn -0.0924 -0.9806 0.1729
vn -0.4425 -0.3446 0.8279
vn -0.5955 -0.3446 0.7256
vn -0.4991 0.6172 0.6082
vn -0.0749 -0.9930 0.0913
vn -0.5766 -0.4170 0.7026
vn -0.5283 0.5537 0.6437
vn -0.0250 -0.9992 0.0305
vn -0.5541 -0.4868 0.6752
vn -0.5541 0.4868 0.6752
vn -0.5283 -0.5537 0.6437
vn -0.5766 0.4170 0.7026
vn -0.4991 -0.6173 0.6082
vn -0.5955 0.3446 0.7256
vn -0.1243 0.9806 0.1515
vn -0.4669 -0.6770 0.5689
vn -0.6108 0.2702 0.7443
vn -0.1730 0.9621 0.2108
vn -0.4317 -0.7327 0.5261
vn -0.6223 0.1942 0.7583
vn -0.2205 0.9376 0.2687
vn -0.3939 -0.7839 0.4800
vn -0.6300 0.1170 0.7677
vn -0.2667 0.9074 0.3249
vn -0.3536 -0.8302 0.4309
vn -0.6339 0.0391 0.7724
vn -0.3111 0.8715 0.3791
vn -0.3111 -0.8715 0.3791
vn -0.6339 -0.0391 0.7724
vn -0.3536 0.8302 0.4309
vn -0.2667 -0.9074 0.3249
vn -0.6300 -0.1170 0.7677
vn -0.3939 0.7839 0.4800
vn -0.2205 -0.9376 0.2687
vn -0.6223 -0.1942 0.7583
vn -0.4317 0.7327 0.5261
vn -0.1730 -0.9621 0.2108
vn -0.6108 -0.2702 0.7443
vn -0.4669 0.6770 0.5689
vn -0.1243 -0.9806 0.1515
vn -0.5689 0.6770 0.4669
vn -0.1515 -0.9806 0.1243
vn -0.7256 -0.3446 0.5955
vn -0.6082 0.6172 0.4991
vn -0.0913 -0.9930 0.0749
vn -0.7026 -0.4170 0.5766
vn -0.6437 0.5537 0.5283
vn -0.0305 -0.9992 0.0250
vn -0.6752 -0.4868 0.5541
vn -0.6752 0.4868 0.5541
vn -0.6437 -0.5537 0.5283
vn -0.7026 0.4170 0.5766
vn -0.6082 -0.6173 0.4991
vn -0.7256 0.3446 0.5955
vn -0.1515 0.9806 0.1243
vn -0.5689 -0.6770 0.4669
vn -0.7443 0.2702 0.6108
vn -0.2108 0.9621 0.1730
vn -0.5261 -0.7327 0.4317
vn -0.7583 0.1942 0.6223
vn -0.2687 0.9376 0.2205
vn -0.4800 -0.7839 0.3939
vn -0.7677 0.1170 0.6300
vn -0.3249 0.9074 0.2667
vn -0.4309 -0.8302 0.3536
vn -0.7724 0.0391 0.6339
vn -0.3791 0.8715 0.3111
vn -0.3791 -0.8715 0.3111
vn -0.7724 -0.0391 0.6339
vn -0.4309 0.8302 0.3536
vn -0.3249 -0.9074 0.2667
vn -0.7677 -0.1170 0.6300
vn -0.4800 0.7839 0.3939
vn -0.2687 -0.9376 0.2205
vn -0.7583 -0.1942 0.6223
vn -0.5261 0.7327 0.4317
vn -0.2108 -0.9621 0.1730
vn -0.7443 -0.2702 0.6108
vn -0.5476 0.7839 0.2927
vn -0.3065 -0.9376 0.1639
vn -0.8651 -0.1942 0.4624
vn -0.6002 0.7327 0.3208
vn -0.2405 -0.9621 0.1285
vn -0.8491 -0.2702 0.4539
vn -0.6491 0.6770 0.3469
vn -0.1729 -0.9806 0.0924
vn -0.8279 -0.3446 0.4425
vn -0.6939 0.6172 0.3709
vn -0.1042 -0.9930 0.0557
vn -0.8016 -0.4170 0.4285
vn -0.7344 0.5537 0.3925
vn -0.0348 -0.9992 0.0186
vn -0.7704 -0.4868 0.4118
vn -0.7704 0.4868 0.4118
vn -0.7344 -0.5537 0.3925
vn -0.8016 0.4170 0.4285
vn -0.6939 -0.6173 0.3709
vn -0.8279 0.3446 0.4425
vn -0.1729 0.9806 0.0924
vn -0.6491 -0.6770 0.3469
vn -0.8491 0.2702 0.4539
vn -0.2405 0.9621 0.1285
vn -0.6002 -0.7327 0.3208
vn -0.8651 0.1942 0.4624
vn -0.3065 0.9376 0.1639
vn -0.5476 -0.7839 0.2927
vn -0.8759 0.1170 0.4682
vn -0.3707 0.9074 0.1981
vn -0.4916 -0.8302 0.2628
vn -0.8812 0.0391 0.4710
vn -0.4325 0.8715 0.2312
vn -0.4325 -0.8715 0.2312
vn -0.8812 -0.0391 0.4710
vn -0.4916 0.8302 0.2628
vn -0.3707 -0.9074 0.1981
vn -0.8759 -0.1170 0.4682
vn -0.4022 -0.9074 0.1220
vn -0.9504 -0.1170 0.2883
vn -0.5942 0.7839 0.1802
vn -0.3326 -0.9376 0.1009
vn -0.9387 -0.1942 0.2848
vn -0.6513 0.7327 0.1976
vn -0.2609 -0.9621 0.0791
vn -0.9213 -0.2702 0.2795
vn -0.7043 0.6770 0.2136
vn -0.1876 -0.9806 0.0569
vn -0.8983 -0.3446 0.2725
vn -0.7529 0.6172 0.2284
vn -0.1130 -0.9930 0.0343
vn -0.8698 -0.4170 0.2638
vn -0.7968 0.5537 0.2417
vn -0.0378 -0.9992 0.0114
vn -0.8359 -0.4868 0.2536
vn -0.8359 0.4868 0.2536
vn -0.7968 -0.5537 0.2417
vn -0.8698 0.4170 0.2638
vn -0.7529 -0.6173 0.2284
vn -0.8983 0.3446 0.2725
vn -0.1876 0.9806 0.0569
vn -0.7043 -0.6770 0.2136
vn -0.9213 0.2702 0.2795
vn -0.2609 0.9621 0.0791
vn -0.6513 -0.7327 0.1976
vn -0.9387 0.1942 0.2848
vn -0.3326 0.9376 0.1009
vn -0.5942 -0.7839 0.1802
vn -0.9504 0.1170 0.2883
vn -0.4022 0.9074 0.1220
vn -0.5334 -0.8302 0.1618
vn -0.9562 0.0391 0.2901
vn -0.4693 0.8715 0.1424
vn -0.4693 -0.8715 0.1424
vn -0.9562 -0.0391 0.2901
vn -0.5334 0.8302 0.1618
vn -0.9944 -0.0391 0.0979
vn -0.5547 0.8302 0.0546
vn -0.4183 -0.9074 0.0412
vn -0.9884 -0.1170 0.0973
vn -0.6179 0.7839 0.0609
vn -0.3459 -0.9376 0.0341
vn -0.9762 -0.1942 0.0962
vn -0.6773 0.7327 0.0667
vn -0.2713 -0.9621 0.0267
vn -0.9582 -0.2702 0.0944
vn -0.7324 0.6770 0.0721
vn -0.1951 -0.9806 0.0192
vn -0.9342 -0.3446 0.0920
vn -0.7830 0.6172 0.0771
vn -0.1175 -0.9930 0.0116
vn -0.9045 -0.4170 0.0891
vn -0.8287 0.5537 0.0816
vn -0.0393 -0.9992 0.0039
vn -0.8693 -0.4868 0.0856
vn -0.8693 0.4868 0.0856
vn -0.8287 -0.5537 0.0816
vn -0.9045 0.4170 0.0891
vn -0.7830 -0.6173 0.0771
vn -0.9342 0.3446 0.0920
vn -0.1951 0.9806 0.0192
vn -0.7324 -0.6770 0.0721
vn -0.9582 0.2702 0.0944
vn -0.2713 0.9621 0.0267
vn -0.6773 -0.7327 0.0667
vn -0.9762 0.1942 0.0962
vn -0.3459 0.9376 0.0341
vn -0.6179 -0.7839 0.0609
vn -0.9884 0.1170 0.0973
vn -0.4183 0.9074 0.0412
vn -0.5547 -0.8302 0.0546
vn -0.9944 0.0391 0.0979
vn -0.4881 0.8715 0.0481
vn -0.4881 -0.8715 0.0481
vn -0.4881 0.8715 -0.0481
vn -0.4881 -0.8715 -0.0481
vn -0.9944 -0.0391 -0.0979
vn -0.5547 0.8302 -0.0546
vn -0.4183 -0.9074 -0.0412
vn -0.9884 -0.1170 -0.0973
vn -0.6179 0.7839 -0.0609
vn -0.3459 -0.9376 -0.0341
vn -0.9762 -0.1942 -0.0962
vn -0.6773 0.7327 -0.0667
vn -0.2713 -0.9621 -0.0267
vn -0.9582 -0.2702 -0.0944
vn -0.7324 0.6770 -0.0721
vn -0.1951 -0.9806 -0.0192
vn -0.9342 -0.3446 -0.0920
vn -0.7830 0.6172 -0.0771
vn -0.1175 -0.9930 -0.0116
vn -0.9045 -0.4170 -0.0891
vn -0.8287 0.5537 -0.0816
vn -0.0393 -0.9992 -0.0039
vn -0.8693 -0.4868 -0.0856
vn -0.8693 0.4868 -0.0856
vn -0.8287 -0.5537 -0.0816
vn -0.9045 0.4170 -0.0891
vn -0.7830 -0.6173 -0.0771
vn -0.9342 0.3446 -0.0920
vn -0.1951 0.9806 -0.0192
vn -0.7324 -0.6770 -0.0721
vn -0.9582 0.2702 -0.0944
vn -0.2713 0.9621 -0.0267
vn -0.6773 -0.7327 -0.0667
vn -0.9762 0.1942 -0.0962
vn -0.3459 0.9376 -0.0341
vn -0.6179 -0.7839 -0.0609
vn -0.9884 0.1170 -0.0973
vn -0.4183 0.9074 -0.0412
vn -0.5547 -0.8302 -0.0546
vn -0.9944 0.0391 -0.0979
vn -0.9562 0.0391 -0.2901
vn -0.4693 0.8715 -0.1424
vn -0.4693 -0.8715 -0.1424
vn -0.9562 -0.0391 -0.2901
vn -0.5334 0.8302 -0.1618
vn -0.4022 -0.9074 -0.1220
vn -0.9504 -0.1170 -0.2883
vn -0.5942 0.7839 -0.1802
vn -0.3326 -0.9376 -0.1009
vn -0.9387 -0.1942 -0.2848
vn -0.6513 0.7327 -0.1976
vn -0.2609 -0.9621 -0.0791
vn -0.9213 -0.2702 -0.2795
vn -0.7043 0.6770 -0.2136
vn -0.1876 -0.9806 -0.0569
vn -0.8983 -0.3447 -0.2725
vn -0.7529 0.6172 -0.2284
vn -0.1130 -0.9930 -0.0343
vn -0.8698 -0.4170 -0.2638
vn -0.7968 0.5537 -0.2417
vn -0.0378 -0.9992 -0.0114
vn -0.8359 -0.4868 -0.2536
vn -0.8359 0.4868 -0.2536
vn -0.7968 -0.5537 -0.2417
vn -0.8698 0.4170 -0.2638
vn -0.7529 -0.6173 -0.2284
vn -0.8983 0.3446 -0.2725
vn -0.1876 0.9806 -0.0569
vn -0.7043 -0.6770 -0.2136
vn -0.9213 0.2702 -0.2795
vn -0.2609 0.9621 -0.0791
vn -0.6513 -0.7327 -0.1976
vn -0.9387 0.1942 -0.2848
vn -0.3326 0.9376 -0.1009
vn -0.5942 -0.7839 -0.1802
vn -0.9504 0.1170 -0.2883
vn -0.4022 0.9074 -0.1220
vn -0.5334 -0.8302 -0.1618
vn -0.3707 0.9074 -0.1981
vn -0.4916 -0.8302 -0.2628
vn -0.8812 0.0391 -0.4710
vn -0.4325 0.8715 -0.2312
vn -0.4325 -0.8715 -0.2312
vn -0.8812 -0.0391 -0.4710
vn -0.4916 0.8302 -0.2628
vn -0.3707 -0.9074 -0.1981
vn -0.8759 -0.1170 -0.4682
vn -0.5476 0.7839 -0.2927
vn -0.3065 -0.9376 -0.1639
vn -0.8651 -0.1942 -0.4624
vn -0.6002 0.7327 -0.3208
vn -0.2405 -0.9621 -0.1285
vn -0.8491 -0.2702 -0.4539
vn -0.6491 0.6770 -0.3469
vn -0.1729 -0.9806 -0.0924
vn -0.8279 -0.3446 -0.4425
vn -0.6939 0.6172 -0.3709
vn -0.1042 -0.9930 -0.0557
vn -0.8016 -0.4170 -0.4285
vn -0.7344 0.5537 -0.3925
vn -0.0348 -0.9992 -0.0186
vn -0.7704 -0.4868 -0.4118
vn -0.7704 0.4868 -0.4118
vn -0.7344 -0.5537 -0.3925
vn -0.8016 0.4170 -0.4285
vn -0.6939 -0.6173 -0.3709
vn -0.8279 0.3446 -0.4425
vn -0.1729 0.9806 -0.0924
vn -0.6491 -0.6770 -0.3469
vn -0.8491 0.2702 -0.4539
vn -0.2405 0.9621 -0.1285
vn -0.6002 -0.7327 -0.3208
vn -0.8651 0.1942 -0.4624
vn -0.3065 0.9376 -0.1639
vn -0.5476 -0.7839 -0.2927
vn -0.8759 0.1170 -0.4682
vn -0.4800 -0.7839 -0.3939
vn -0.7677 0.1170 -0.6300
vn -0.3249 0.9074 -0.2667
vn -0.4309 -0.8302 -0.3536
vn -0.7724 0.0391 -0.6339
vn -0.3791 0.8715 -0.3111
vn -0.3791 -0.8715 -0.3111
vn -0.7724 -0.0391 -0.6339
vn -0.4309 0.8302 -0.3536
vn -0.3249 -0.9074 -0.2667
vn -0.7677 -0.1170 -0.6300
vn -0.4800 0.7839 -0.3939
vn -0.2687 -0.9376 -0.2205
vn -0.7583 -0.1942 -0.6223
vn -0.5261 0.7327 -0.4317
vn -0.2108 -0.9621 -0.1730
vn -0.7443 -0.2702 -0.6108
vn -0.5689 0.6770 -0.4669
vn -0.1515 -0.9806 -0.1243
vn -0.7256 -0.3446 -0.5955
vn -0.6082 0.6172 -0.4991
vn -0.0913 -0.9930 -0.0749
vn -0.7026 -0.4170 -0.5766
vn -0.6437 0.5537 -0.5283
vn -0.0305 -0.9992 -0.0250
vn -0.6752 -0.4868 -0.5541
vn -0.6752 0.4868 -0.5541
vn -0.6437 -0.5537 -0.5283
vn -0.7026 0.4170 -0.5766
vn -0.6082 -0.6173 -0.4991
vn -0.7256 0.3446 -0.5955
vn -0.1515 0.9806 -0.1243
vn -0.5689 -0.6770 -0.4669
vn -0.7443 0.2702 -0.6108
vn -0.2108 0.9621 -0.1730
vn -0.5261 -0.7327 -0.4317
vn -0.7583 0.1942 -0.6223
vn -0.2687 0.9376 -0.2205
vn -0.6223 0.1942 -0.7583
vn -0.2205 0.9376 -0.2687
vn -0.3939 -0.7839 -0.4800
vn -0.6300 0.1170 -0.7677
vn -0.2667 0.9074 -0.3249
vn -0.3536 -0.8302 -0.4309
vn -0.6339 0.0391 -0.7724
vn -0.3111 0.8715 -0.3791
vn -0.3111 -0.8715 -0.3791
vn -0.6339 -0.0391 -0.7724
vn -0.3536 0.8302 -0.4309
vn -0.2667 -0.9074 -0.3249
vn -0.6300 -0.1170 -0.7677
vn -0.3939 0.7839 -0.4800
vn -0.2205 -0.9376 -0.2687
vn -0.6223 -0.1942 -0.7583
vn -0.4317 0.7327 -0.5261
vn -0.1730 -0.9621 -0.2108
vn -0.6108 -0.2702 -0.7443
vn -0.4669 0.6770 -0.5689
vn -0.1243 -0.9806 -0.1515
vn -0.5955 -0.3447 -0.7256
vn -0.4991 0.6172 -0.6082
vn -0.0749 -0.9930 -0.0913
vn -0.5766 -0.4170 -0.7026
vn -0.5283 0.5537 -0.6437
vn -0.0250 -0.9992 -0.0305
vn -0.5541 -0.4868 -0.6752
vn -0.5541 0.4868 -0.6752
vn -0.5283 -0.5537 -0.6437
vn -0.5766 0.4170 -0.7026
vn -0.4991 -0.6173 -0.6082
vn -0.5955 0.3446 -0.7256
vn -0.1243 0.9806 -0.1515
vn -0.4669 -0.6770 -0.5689
vn -0.6108 0.2702 -0.7443
vn -0.1730 0.9621 -0.2108
vn -0.4317 -0.7327 -0.5261
vn -0.1285 0.9621 -0.2405
vn -0.3208 -0.7327 -0.6002
vn -0.4624 0.1942 -0.8651
vn -0.1639 0.9376 -0.3065
vn -0.2927 -0.7839 -0.5476
vn -0.4682 0.1170 -0.8759
vn -0.1981 0.9074 -0.3707
vn -0.2628 -0.8302 -0.4916
vn -0.4710 0.0391 -0.8812
vn -0.2312 0.8715 -0.4325
vn -0.2312 -0.8715 -0.4325
vn -0.4710 -0.0391 -0.8812
vn -0.2628 0.8302 -0.4916
vn -0.1981 -0.9074 -0.3707
vn -0.4682 -0.1170 -0.8759
vn -0.2927 0.7839 -0.5476
vn -0.1639 -0.9376 -0.3065
vn -0.4624 -0.1942 -0.8651
vn -0.3208 0.7327 -0.6002
vn -0.1285 -0.9621 -0.2405
vn -0.4539 -0.2702 -0.8491
vn -0.3469 0.6770 -0.6491
vn -0.0924 -0.9806 -0.1729
vn -0.4425 -0.3446 -0.8279
vn -0.3709 0.6172 -0.6939
vn -0.0557 -0.9930 -0.1042
vn -0.4285 -0.4170 -0.8016
vn -0.3925 0.5537 -0.7344
vn -0.0186 -0.9992 -0.0348
vn -0.4118 -0.4868 -0.7704
vn -0.4118 0.4868 -0.7704
vn -0.3925 -0.5537 -0.7344
vn -0.4285 0.4170 -0.8016
vn -0.3709 -0.6173 -0.6939
vn -0.4425 0.3446 -0.8279
vn -0.0924 0.9806 -0.1729
vn -0.3469 -0.6770 -0.6491
vn -0.4539 0.2702 -0.8491
vn -0.2795 0.2702 -0.9213
vn -0.0791 0.9621 -0.2609
vn -0.1976 -0.7327 -0.6513
vn -0.2848 0.1942 -0.9387
vn -0.1009 0.9376 -0.3326
vn -0.1802 -0.7839 -0.5942
vn -0.2883 0.1170 -0.9504
vn -0.1220 0.9074 -0.4022
vn -0.1618 -0.8302 -0.5334
vn -0.2901 0.0391 -0.9562
vn -0.1424 0.8715 -0.4693
vn -0.1424 -0.8715 -0.4693
vn -0.2901 -0.0391 -0.9562
vn -0.1618 0.8302 -0.5334
vn -0.1220 -0.9074 -0.4022
vn -0.2883 -0.1170 -0.9504
vn -0.1802 0.7839 -0.5942
vn -0.1009 -0.9376 -0.3326
vn -0.2848 -0.1942 -0.9387
vn -0.1976 0.7327 -0.6513
vn -0.0791 -0.9621 -0.2609
vn -0.2795 -0.2702 -0.9213
vn -0.2136 0.6770 -0.7043
vn -0.0569 -0.9806 -0.1876
vn -0.2725 -0.3446 -0.8983
vn -0.2284 0.6172 -0.7529
vn -0.0343 -0.9930 -0.1130
vn -0.2638 -0.4170 -0.8698
vn -0.2417 0.5537 -0.7968
vn -0.0115 -0.9992 -0.0378
vn -0.2536 -0.4868 -0.8359
vn -0.2536 0.4868 -0.8359
vn -0.2417 -0.5537 -0.7968
vn -0.2638 0.4170 -0.8698
vn -0.2284 -0.6173 -0.7529
vn -0.2725 0.3446 -0.8983
vn -0.0569 0.9806 -0.1876
vn -0.2136 -0.6770 -0.7043
vn -0.0192 0.9806 -0.1951
vn -0.0721 -0.6770 -0.7324
vn -0.0944 0.2702 -0.9582
vn -0.0267 0.9621 -0.2713
vn -0.0667 -0.7327 -0.6773
vn -0.0962 0.1942 -0.9762
vn -0.0341 0.9376 -0.3459
vn -0.0609 -0.7839 -0.6179
vn -0.0973 0.1170 -0.9884
vn -0.0412 0.9074 -0.4183
vn -0.0546 -0.8302 -0.5547
vn -0.0979 0.0391 -0.9944
vn -0.0481 0.8715 -0.4881
vn -0.0481 -0.8715 -0.4881
vn -0.0979 -0.0391 -0.9944
vn -0.0546 0.8302 -0.5547
vn -0.0412 -0.9074 -0.4183
vn -0.0973 -0.1170 -0.9884
vn -0.0609 0.7839 -0.6179
vn -0.0341 -0.9376 -0.3459
vn -0.0962 -0.1942 -0.9762
vn -0.0667 0.7327 -0.6773
vn -0.0267 -0.9621 -0.2713
vn -0.0944 -0.2702 -0.9582
vn -0.0721 0.6770 -0.7324
vn -0.0192 -0.9806 -0.1951
vn -0.0920 -0.3446 -0.9342
vn -0.0771 0.6172 -0.7830
vn -0.0116 -0.9930 -0.1175
vn -0.0891 -0.4170 -0.9045
vn -0.0816 0.5537 -0.8287
vn -0.0039 -0.9992 -0.0393
vn -0.0856 -0.4868 -0.8693
vn -0.0856 0.4868 -0.8693
vn -0.0816 -0.5537 -0.8287
vn -0.0891 0.4170 -0.9045
vn -0.0771 -0.6173 -0.7830
vn -0.0920 0.3446 -0.9342
usemtl None
s off
f 20/1/1 19/2/1 55/3/1 56/4/1
f 8/5/2 7/6/2 42/7/2 43/8/2
f 1216/9/3 33/10/3 69/11/3 70/12/3
f 21/13/4 20/1/4 56/4/4 57/14/4
f 9/15/5 8/5/5 43/8/5 44/16/5
f 34/17/6 1216/9/6 70/12/6 71/18/6
f 22/19/7 21/13/7 57/14/7 58/20/7
f 10/21/8 9/15/8 44/16/8 45/22/8
f 35/23/9 34/17/9 71/18/9 72/24/9
f 23/25/10 22/19/10 58/20/10 59/26/10
f 11/27/11 10/21/11 45/22/11 46/28/11
f 1217/29/12 35/23/12 72/24/12 73/30/12
f 24/31/13 23/25/13 59/26/13 60/32/13
f 12/33/14 11/27/14 46/28/14 47/34/14
f 606/35/15 1217/29/15 73/30/15
f 25/36/16 24/31/16 60/32/16 61/37/16
f 13/38/17 12/33/17 47/34/17 48/39/17
f 26/40/18 25/36/18 61/37/18 62/41/18
f 14/42/19 13/38/19 48/39/19 49/43/19
f 27/44/20 26/40/20 62/41/20 63/45/20
f 15/46/21 14/42/21 49/43/21 50/47/21
f 2/48/22 1/49/22 36/50/22 37/51/22
f 28/52/23 27/44/23 63/45/23 64/53/23
f 16/54/24 15/46/24 50/47/24 51/55/24
f 3/56/25 2/48/25 37/51/25 38/57/25
f 29/58/26 28/52/26 64/53/26 65/59/26
f 17/60/27 16/54/27 51/55/27 52/61/27
f 4/62/28 3/56/28 38/57/28 39/63/28
f 30/64/29 29/58/29 65/59/29 66/65/29
f 18/66/30 17/60/30 52/61/30 53/67/30
f 5/68/31 4/62/31 39/63/31 40/69/31
f 31/70/32 30/64/32 66/65/32 67/71/32
f 1215/72/33 18/66/33 53/67/33 54/73/33
f 6/74/34 5/68/34 40/69/34 41/75/34
f 32/76/35 31/70/35 67/71/35 68/77/35
f 19/2/36 1215/72/36 54/73/36 55/3/36
f 7/6/37 6/74/37 41/75/37 42/7/37
f 33/10/38 32/76/38 68/77/38 69/11/38
f 43/8/39 42/7/39 80/78/39 81/79/39
f 70/12/40 69/11/40 107/80/40 108/81/40
f 57/14/41 56/4/41 94/82/41 95/83/41
f 44/16/42 43/8/42 81/79/42 82/84/42
f 71/18/43 70/12/43 108/81/43 109/85/43
f 58/20/44 57/14/44 95/83/44 96/86/44
f 45/22/45 44/16/45 82/84/45 83/87/45
f 72/24/46 71/18/46 109/85/46 110/88/46
f 59/26/47 58/20/47 96/86/47 97/89/47
f 46/28/48 45/22/48 83/87/48 84/90/48
f 73/30/49 72/24/49 110/88/49 111/91/49
f 60/32/50 59/26/50 97/89/50 98/92/50
f 47/34/51 46/28/51 84/90/51 85/93/51
f 606/94/52 73/30/52 111/91/52
f 61/37/53 60/32/53 98/92/53 99/95/53
f 48/39/54 47/34/54 85/93/54 86/96/54
f 62/41/55 61/37/55 99/95/55 100/97/55
f 49/43/56 48/39/56 86/96/56 87/98/56
f 63/45/57 62/41/57 100/97/57 101/99/57
f 50/47/58 49/43/58 87/98/58 88/100/58
f 37/51/59 36/50/59 74/101/59 75/102/59
f 64/53/60 63/45/60 101/99/60 102/103/60
f 51/55/61 50/47/61 88/100/61 89/104/61
f 38/57/62 37/51/62 75/102/62 76/105/62
f 65/59/63 64/53/63 102/103/63 103/106/63
f 52/61/64 51/55/64 89/104/64 90/107/64
f 39/63/65 38/57/65 76/105/65 77/108/65
f 66/65/66 65/59/66 103/106/66 104/109/66
f 53/67/67 52/61/67 90/107/67 91/110/67
f 40/69/68 39/63/68 77/108/68 78/111/68
f 67/71/69 66/65/69 104/109/69 105/112/69
f 54/73/70 53/67/70 91/110/70 92/113/70
f 41/75/71 40/69/71 78/111/71 79/114/71
f 68/77/72 67/71/72 105/112/72 106/115/72
f 55/3/73 54/73/73 92/113/73 93/116/73
f 42/7/74 41/75/74 79/114/74 80/78/74
f 69/11/75 68/77/75 106/115/75 107/80/75
f 56/4/76 55/3/76 93/116/76 94/82/76
f 107/80/77 106/115/77 144/117/77 145/118/77
f 94/82/78 93/116/78 131/119/78 132/120/78
f 81/79/79 80/78/79 118/121/79 119/122/79
f 108/81/80 107/80/80 145/118/80 146/123/80
f 95/83/81 94/82/81 132/120/81 133/124/81
f 82/84/82 81/79/82 119/122/82 120/125/82
f 109/85/83 108/81/83 146/123/83 147/126/83
f 96/86/84 95/83/84 133/124/84 134/127/84
f 83/87/85 82/84/85 120/125/85 121/128/85
f 110/88/86 109/85/86 147/126/86 148/129/86
f 97/89/87 96/86/87 134/127/87 135/130/87
f 84/90/88 83/87/88 121/128/88 122/131/88
f 111/91/89 110/88/89 148/129/89 149/132/89
f 98/92/90 97/89/90 135/130/90 136/133/90
f 85/93/91 84/90/91 122/131/91 123/134/91
f 606/135/92 111/91/92 149/132/92
f 99/95/93 98/92/93 136/133/93 137/136/93
f 86/96/94 85/93/94 123/134/94 124/137/94
f 100/97/95 99/95/95 137/136/95 138/138/95
f 87/98/96 86/96/96 124/137/96 125/139/96
f 101/99/97 100/97/97 138/138/97 139/140/97
f 88/100/98 87/98/98 125/139/98 126/141/98
f 75/102/99 74/101/99 112/142/99 113/143/99
f 102/103/100 101/99/100 139/140/100 140/144/100
f 89/104/101 88/100/101 126/141/101 127/145/101
f 76/105/102 75/102/102 113/143/102 114/146/102
f 103/106/103 102/103/103 140/144/103 141/147/103
f 90/107/104 89/104/104 127/145/104 128/148/104
f 77/108/105 76/105/105 114/146/105 115/149/105
f 104/109/106 103/106/106 141/147/106 142/150/106
f 91/110/107 90/107/107 128/148/107 129/151/107
f 78/111/108 77/108/108 115/149/108 116/152/108
f 105/112/109 104/109/109 142/150/109 143/153/109
f 92/113/110 91/110/110 129/151/110 130/154/110
f 79/114/111 78/111/111 116/152/111 117/155/111
f 106/115/112 105/112/112 143/153/112 144/117/112
f 93/116/113 92/113/113 130/154/113 131/119/113
f 80/78/114 79/114/114 117/155/114 118/121/114
f 131/119/115 130/154/115 168/156/115 169/157/115
f 118/121/116 117/155/116 155/158/116 156/159/116
f 145/118/117 144/117/117 182/160/117 183/161/117
f 132/120/118 131/119/118 169/157/118 170/162/118
f 119/122/119 118/121/119 156/159/119 157/163/119
f 146/123/120 145/118/120 183/161/120 184/164/120
f 133/124/121 132/120/121 170/162/121 171/165/121
f 120/125/122 119/122/122 157/163/122 158/166/122
f 147/126/123 146/123/123 184/164/123 185/167/123
f 134/127/124 133/124/124 171/165/124 172/168/124
f 121/128/125 120/125/125 158/166/125 159/169/125
f 148/129/126 147/126/126 185/167/126 186/170/126
f 135/130/127 134/127/127 172/168/127 173/171/127
f 122/131/128 121/128/128 159/169/128 160/172/128
f 149/132/129 148/129/129 186/170/129 187/173/129
f 136/133/130 135/130/130 173/171/130 174/174/130
f 123/134/131 122/131/131 160/172/131 161/175/131
f 606/176/132 149/132/132 187/173/132
f 137/136/133 136/133/133 174/174/133 175/177/133
f 124/137/134 123/134/134 161/175/134 162/178/134
f 138/138/135 137/136/135 175/177/135 176/179/135
f 125/139/136 124/137/136 162/178/136 163/180/136
f 139/140/137 138/138/137 176/179/137 177/181/137
f 126/141/138 125/139/138 163/180/138 164/182/138
f 113/143/139 112/142/139 150/183/139 151/184/139
f 140/144/140 139/140/140 177/181/140 178/185/140
f 127/145/141 126/141/141 164/182/141 165/186/141
f 114/146/142 113/143/142 151/184/142 152/187/142
f 141/147/143 140/144/143 178/185/143 179/188/143
f 128/148/144 127/145/144 165/186/144 166/189/144
f 115/149/145 114/146/145 152/187/145 153/190/145
f 142/150/146 141/147/146 179/188/146 180/191/146
f 129/151/147 128/148/147 166/189/147 167/192/147
f 116/152/148 115/149/148 153/190/148 154/193/148
f 143/153/149 142/150/149 180/191/149 181/194/149
f 130/154/150 129/151/150 167/192/150 168/156/150
f 117/155/151 116/152/151 154/193/151 155/158/151
f 144/117/152 143/153/152 181/194/152 182/160/152
f 155/158/153 154/193/153 192/195/153 193/196/153
f 182/160/154 181/194/154 219/197/154 220/198/154
f 169/157/155 168/156/155 206/199/155 207/200/155
f 156/159/156 155/158/156 193/196/156 194/201/156
f 183/161/157 182/160/157 220/198/157 221/202/157
f 170/162/158 169/157/158 207/200/158 208/203/158
f 157/163/159 156/159/159 194/201/159 195/204/159
f 184/164/160 183/161/160 221/202/160 222/205/160
f 171/165/161 170/162/161 208/203/161 209/206/161
f 158/166/162 157/163/162 195/204/162 196/207/162
f 185/167/163 184/164/163 222/205/163 223/208/163
f 172/168/164 171/165/164 209/206/164 210/209/164
f 159/169/165 158/166/165 196/207/165 197/210/165
f 186/170/166 185/167/166 223/208/166 224/211/166
f 173/171/167 172/168/167 210/209/167 211/212/167
f 160/172/168 159/169/168 197/210/168 198/213/168
f 187/173/169 186/170/169 224/211/169 225/214/169
f 174/174/170 173/171/170 211/212/170 212/215/170
f 161/175/171 160/172/171 198/213/171 199/216/171
f 606/217/172 187/173/172 225/214/172
f 175/177/173 174/174/173 212/215/173 213/218/173
f 162/178/174 161/175/174 199/216/174 200/219/174
f 176/179/175 175/177/175 213/218/175 214/220/175
f 163/180/176 162/178/176 200/219/176 201/221/176
f 177/181/177 176/179/177 214/220/177 215/222/177
f 164/182/178 163/180/178 201/221/178 202/223/178
f 151/184/179 150/183/179 188/224/179 189/225/179
f 178/185/180 177/181/180 215/222/180 216/226/180
f 165/186/181 164/182/181 202/223/181 203/227/181
f 152/187/182 151/184/182 189/225/182 190/228/182
f 179/188/183 178/185/183 216/226/183 217/229/183
f 166/189/184 165/186/184 203/227/184 204/230/184
f 153/190/185 152/187/185 190/228/185 191/231/185
f 180/191/186 179/188/186 217/229/186 218/232/186
f 167/192/187 166/189/187 204/230/187 205/233/187
f 154/193/188 153/190/188 191/231/188 192/195/188
f 181/194/189 180/191/189 218/232/189 219/197/189
f 168/156/190 167/192/190 205/233/190 206/199/190
f 206/199/191 205/233/191 243/234/191 244/235/191
f 193/196/192 192/195/192 230/236/192 231/237/192
f 220/198/193 219/197/193 257/238/193 258/239/193
f 207/200/194 206/199/194 244/235/194 245/240/194
f 194/201/195 193/196/195 231/237/195 232/241/195
f 221/202/196 220/198/196 258/239/196 259/242/196
f 208/203/197 207/200/197 245/240/197 246/243/197
f 195/204/198 194/201/198 232/241/198 233/244/198
f 222/205/199 221/202/199 259/242/199 260/245/199
f 209/206/200 208/203/200 246/243/200 247/246/200
f 196/207/201 195/204/201 233/244/201 234/247/201
f 223/208/202 222/205/202 260/245/202 261/248/202
f 210/209/203 209/206/203 247/246/203 248/249/203
f 197/210/204 196/207/204 234/247/204 235/250/204
f 224/211/205 223/208/205 261/248/205 262/251/205
f 211/212/206 210/209/206 248/249/206 249/252/206
f 198/213/207 197/210/207 235/250/207 236/253/207
f 225/214/208 224/211/208 262/251/208 263/254/208
f 212/215/209 211/212/209 249/252/209 250/255/209
f 199/216/210 198/213/210 236/253/210 237/256/210
f 606/257/211 225/214/211 263/254/211
f 213/218/212 212/215/212 250/255/212 251/258/212
f 200/219/213 199/216/213 237/256/213 238/259/213
f 214/220/214 213/218/214 251/258/214 252/260/214
f 201/221/215 200/219/215 238/259/215 239/261/215
f 215/222/216 214/220/216 252/260/216 253/262/216
f 202/223/217 201/221/217 239/261/217 240/263/217
f 189/225/218 188/224/218 226/264/218 227/265/218
f 216/226/219 215/222/219 253/262/219 254/266/219
f 203/227/220 202/223/220 240/263/220 241/267/220
f 190/228/221 189/225/221 227/265/221 228/268/221
f 217/229/222 216/226/222 254/266/222 255/269/222
f 204/230/223 203/227/223 241/267/223 242/270/223
f 191/231/224 190/228/224 228/268/224 229/271/224
f 218/232/225 217/229/225 255/269/225 256/272/225
f 205/233/226 204/230/226 242/270/226 243/234/226
f 192/195/227 191/231/227 229/271/227 230/236/227
f 219/197/228 218/232/228 256/272/228 257/238/228
f 230/236/229 229/271/229 267/273/229 268/274/229
f 257/238/230 256/272/230 294/275/230 295/276/230
f 244/235/231 243/234/231 281/277/231 282/278/231
f 231/237/232 230/236/232 268/274/232 269/279/232
f 258/239/233 257/238/233 295/276/233 296/280/233
f 245/240/234 244/235/234 282/278/234 283/281/234
f 232/241/235 231/237/235 269/279/235 270/282/235
f 259/242/236 258/239/236 296/280/236 297/283/236
f 246/243/237 245/240/237 283/281/237 284/284/237
f 233/244/238 232/241/238 270/282/238 271/285/238
f 260/245/239 259/242/239 297/283/239 298/286/239
f 247/246/240 246/243/240 284/284/240 285/287/240
f 234/247/241 233/244/241 271/285/241 272/288/241
f 261/248/242 260/245/242 298/286/242 299/289/242
f 248/249/243 247/246/243 285/287/243 286/290/243
f 235/250/244 234/247/244 272/288/244 273/291/244
f 262/251/245 261/248/245 299/289/245 300/292/245
f 249/252/246 248/249/246 286/290/246 287/293/246
f 236/253/247 235/250/247 273/291/247 274/294/247
f 263/254/248 262/251/248 300/292/248 301/295/248
f 250/255/249 249/252/249 287/293/249 288/296/249
f 237/256/250 236/253/250 274/294/250 275/297/250
f 606/298/251 263/254/251 301/295/251
f 251/258/252 250/255/252 288/296/252 289/299/252
f 238/259/253 237/256/253 275/297/253 276/300/253
f 252/260/254 251/258/254 289/299/254 290/301/254
f 239/261/255 238/259/255 276/300/255 277/302/255
f 253/262/256 252/260/256 290/301/256 291/303/256
f 240/263/257 239/261/257 277/302/257 278/304/257
f 227/265/258 226/264/258 264/305/258 265/306/258
f 254/266/259 253/262/259 291/303/259 292/307/259
f 241/267/260 240/263/260 278/304/260 279/308/260
f 228/268/261 227/265/261 265/306/261 266/309/261
f 255/269/262 254/266/262 292/307/262 293/310/262
f 242/270/263 241/267/263 279/308/263 280/311/263
f 229/271/264 228/268/264 266/309/264 267/273/264
f 256/272/265 255/269/265 293/310/265 294/275/265
f 243/234/266 242/270/266 280/311/266 281/277/266
f 294/275/267 293/310/267 331/312/267 332/313/267
f 281/277/268 280/311/268 318/314/268 319/315/268
f 268/274/269 267/273/269 305/316/269 306/317/269
f 295/276/270 294/275/270 332/313/270 333/318/270
f 282/278/271 281/277/271 319/315/271 320/319/271
f 269/279/272 268/274/272 306/317/272 307/320/272
f 296/280/273 295/276/273 333/318/273 334/321/273
f 283/281/274 282/278/274 320/319/274 321/322/274
f 270/282/275 269/279/275 307/320/275 308/323/275
f 297/283/276 296/280/276 334/321/276 335/324/276
f 284/284/277 283/281/277 321/322/277 322/325/277
f 271/285/278 270/282/278 308/323/278 309/326/278
f 298/286/279 297/283/279 335/324/279 336/327/279
f 285/287/280 284/284/280 322/325/280 323/328/280
f 272/288/281 271/285/281 309/326/281 310/329/281
f 299/289/282 298/286/282 336/327/282 337/330/282
f 286/290/283 285/287/283 323/328/283 324/331/283
f 273/291/284 272/288/284 310/329/284 311/332/284
f 300/292/285 299/289/285 337/330/285 338/333/285
f 287/293/286 286/290/286 324/331/286 325/334/286
f 274/294/287 273/291/287 311/332/287 312/335/287
f 301/295/288 300/292/288 338/333/288 339/336/288
f 288/296/289 287/293/289 325/334/289 326/337/289
f 275/297/290 274/294/290 312/335/290 313/338/290
f 606/339/291 301/295/291 339/336/291
f 289/299/292 288/296/292 326/337/292 327/340/292
f 276/300/293 275/297/293 313/338/293 314/341/293
f 290/301/294 289/299/294 327/340/294 328/342/294
f 277/302/295 276/300/295 314/341/295 315/343/295
f 291/303/296 290/301/296 328/342/296 329/344/296
f 278/304/297 277/302/297 315/343/297 316/345/297
f 265/306/298 264/305/298 302/346/298 303/347/298
f 292/307/299 291/303/299 329/344/299 330/348/299
f 279/308/300 278/304/300 316/345/300 317/349/300
f 266/309/301 265/306/301 303/347/301 304/350/301
f 293/310/302 292/307/302 330/348/302 331/312/302
f 280/311/303 279/308/303 317/349/303 318/314/303
f 267/273/304 266/309/304 304/350/304 305/316/304
f 318/314/305 317/349/305 355/351/305 356/352/305
f 305/316/306 304/350/306 342/353/306 343/354/306
f 332/313/307 331/312/307 369/355/307 370/356/307
f 319/315/308 318/314/308 356/352/308 357/357/308
f 306/317/309 305/316/309 343/354/309 344/358/309
f 333/318/310 332/313/310 370/356/310 371/359/310
f 320/319/311 319/315/311 357/357/311 358/360/311
f 307/320/312 306/317/312 344/358/312 345/361/312
f 334/321/313 333/318/313 371/359/313 372/362/313
f 321/322/314 320/319/314 358/360/314 359/363/314
f 308/323/315 307/320/315 345/361/315 346/364/315
f 335/324/316 334/321/316 372/362/316 373/365/316
f 322/325/317 321/322/317 359/363/317 360/366/317
f 309/326/318 308/323/318 346/364/318 347/367/318
f 336/327/319 335/324/319 373/365/319 374/368/319
f 323/328/320 322/325/320 360/366/320 361/369/320
f 310/329/321 309/326/321 347/367/321 348/370/321
f 337/330/322 336/327/322 374/368/322 375/371/322
f 324/331/323 323/328/323 361/369/323 362/372/323
f 311/332/324 310/329/324 348/370/324 349/373/324
f 338/333/325 337/330/325 375/371/325 376/374/325
f 325/334/326 324/331/326 362/372/326 363/375/326
f 312/335/327 311/332/327 349/373/327 350/376/327
f 339/336/328 338/333/328 376/374/328 377/377/328
f 326/337/329 325/334/329 363/375/329 364/378/329
f 313/338/330 312/335/330 350/376/330 351/379/330
f 606/380/331 339/336/331 377/377/331
f 327/340/332 326/337/332 364/378/332 365/381/332
f 314/341/333 313/338/333 351/379/333 352/382/333
f 328/342/334 327/340/334 365/381/334 366/383/334
f 315/343/335 314/341/335 352/382/335 353/384/335
f 329/344/336 328/342/336 366/383/336 367/385/336
f 316/345/337 315/343/337 353/384/337 354/386/337
f 303/347/338 302/346/338 340/387/338 341/388/338
f 330/348/339 329/344/339 367/385/339 368/389/339
f 317/349/340 316/345/340 354/386/340 355/351/340
f 304/350/341 303/347/341 341/388/341 342/353/341
f 331/312/342 330/348/342 368/389/342 369/355/342
f 342/353/343 341/388/343 379/390/343 380/391/343
f 369/355/344 368/389/344 406/392/344 407/393/344
f 356/352/345 355/351/345 393/394/345 394/395/345
f 343/354/346 342/353/346 380/391/346 381/396/346
f 370/356/347 369/355/347 407/393/347 408/397/347
f 357/357/348 356/352/348 394/395/348 395/398/348
f 344/358/349 343/354/349 381/396/349 382/399/349
f 371/359/350 370/356/350 408/397/350 409/400/350
f 358/360/351 357/357/351 395/398/351 396/401/351
f 345/361/352 344/358/352 382/399/352 383/402/352
f 372/362/353 371/359/353 409/400/353 410/403/353
f 359/363/354 358/360/354 396/401/354 397/404/354
f 346/364/355 345/361/355 383/402/355 384/405/355
f 373/365/356 372/362/356 410/403/356 411/406/356
f 360/366/357 359/363/357 397/404/357 398/407/357
f 347/367/358 346/364/358 384/405/358 385/408/358
f 374/368/359 373/365/359 411/406/359 412/409/359
f 361/369/360 360/366/360 398/407/360 399/410/360
f 348/370/361 347/367/361 385/408/361 386/411/361
f 375/371/362 374/368/362 412/409/362 413/412/362
f 362/372/363 361/369/363 399/410/363 400/413/363
f 349/373/364 348/370/364 386/411/364 387/414/364
f 376/374/365 375/371/365 413/412/365 414/415/365
f 363/375/366 362/372/366 400/413/366 401/416/366
f 350/376/367 349/373/367 387/414/367 388/417/367
f 377/377/368 376/374/368 414/415/368 415/418/368
f 364/378/369 363/375/369 401/416/369 402/419/369
f 351/379/370 350/376/370 388/417/370 389/420/370
f 606/421/371 377/377/371 415/418/371
f 365/381/372 364/378/372 402/419/372 403/422/372
f 352/382/373 351/379/373 389/420/373 390/423/373
f 366/383/374 365/381/374 403/422/374 404/424/374
f 353/384/375 352/382/375 390/423/375 391/425/375
f 367/385/376 366/383/376 404/424/376 405/426/376
f 354/386/377 353/384/377 391/425/377 392/427/377
f 341/388/378 340/387/378 378/428/378 379/390/378
f 368/389/379 367/385/379 405/426/379 406/392/379
f 355/351/380 354/386/380 392/427/380 393/394/380
f 393/394/381 392/427/381 430/429/381 431/430/381
f 380/391/382 379/390/382 417/431/382 418/432/382
f 407/393/383 406/392/383 444/433/383 445/434/383
f 394/395/384 393/394/384 431/430/384 432/435/384
f 381/396/385 380/391/385 418/432/385 419/436/385
f 408/397/386 407/393/386 445/434/386 446/437/386
f 395/398/387 394/395/387 432/435/387 433/438/387
f 382/399/388 381/396/388 419/436/388 420/439/388
f 409/400/389 408/397/389 446/437/389 447/440/389
f 396/401/390 395/398/390 433/438/390 434/441/390
f 383/402/391 382/399/391 420/439/391 421/442/391
f 410/403/392 409/400/392 447/440/392 448/443/392
f 397/404/393 396/401/393 434/441/393 435/444/393
f 384/405/394 383/402/394 421/442/394 422/445/394
f 411/406/395 410/403/395 448/443/395 449/446/395
f 398/407/396 397/404/396 435/444/396 436/447/396
f 385/408/397 384/405/397 422/445/397 423/448/397
f 412/409/398 411/406/398 449/446/398 450/449/398
f 399/410/399 398/407/399 436/447/399 437/450/399
f 386/411/400 385/408/400 423/448/400 424/451/400
f 413/412/401 412/409/401 450/449/401 451/452/401
f 400/413/402 399/410/402 437/450/402 438/453/402
f 387/414/403 386/411/403 424/451/403 425/454/403
f 414/415/404 413/412/404 451/452/404 452/455/404
f 401/416/405 400/413/405 438/453/405 439/456/405
f 388/417/406 387/414/406 425/454/406 426/457/406
f 415/418/407 414/415/407 452/455/407 453/458/407
f 402/419/408 401/416/408 439/456/408 440/459/408
f 389/420/409 388/417/409 426/457/409 427/460/409
f 606/461/410 415/418/410 453/458/410
f 403/422/411 402/419/411 440/459/411 441/462/411
f 390/423/412 389/420/412 427/460/412 428/463/412
f 404/424/413 403/422/413 441/462/413 442/464/413
f 391/425/414 390/423/414 428/463/414 429/465/414
f 405/426/415 404/424/415 442/464/415 443/466/415
f 392/427/416 391/425/416 429/465/416 430/429/416
f 379/390/417 378/428/417 416/467/417 417/431/417
f 406/392/418 405/426/418 443/466/418 444/433/418
f 417/431/419 416/467/419 454/468/419 455/469/419
f 444/433/420 443/466/420 481/470/420 482/471/420
f 431/430/421 430/429/421 468/472/421 469/473/421
f 418/432/422 417/431/422 455/469/422 456/474/422
f 445/434/423 444/433/423 482/471/423 483/475/423
f 432/435/424 431/430/424 469/473/424 470/476/424
f 419/436/425 418/432/425 456/474/425 457/477/425
f 446/437/426 445/434/426 483/475/426 484/478/426
f 433/438/427 432/435/427 470/476/427 471/479/427
f 420/439/428 419/436/428 457/477/428 458/480/428
f 447/440/429 446/437/429 484/478/429 485/481/429
f 434/441/430 433/438/430 471/479/430 472/482/430
f 421/442/431 420/439/431 458/480/431 459/483/431
f 448/443/432 447/440/432 485/481/432 486/484/432
f 435/444/433 434/441/433 472/482/433 473/485/433
f 422/445/434 421/442/434 459/483/434 460/486/434
f 449/446/435 448/443/435 486/484/435 487/487/435
f 436/447/436 435/444/436 473/485/436 474/488/436
f 423/448/437 422/445/437 460/486/437 461/489/437
f 450/449/438 449/446/438 487/487/438 488/490/438
f 437/450/439 436/447/439 474/488/439 475/491/439
f 424/451/440 423/448/440 461/489/440 462/492/440
f 451/452/441 450/449/441 488/490/441 489/493/441
f 438/453/442 437/450/442 475/491/442 476/494/442
f 425/454/443 424/451/443 462/492/443 463/495/443
f 452/455/444 451/452/444 489/493/444 490/496/444
f 439/456/445 438/453/445 476/494/445 477/497/445
f 426/457/446 425/454/446 463/495/446 464/498/446
f 453/458/447 452/455/447 490/496/447 491/499/447
f 440/459/448 439/456/448 477/497/448 478/500/448
f 427/460/449 426/457/449 464/498/449 465/501/449
f 606/502/450 453/458/450 491/499/450
f 441/462/451 440/459/451 478/500/451 479/503/451
f 428/463/452 427/460/452 465/501/452 466/504/452
f 442/464/453 441/462/453 479/503/453 480/505/453
f 429/465/454 428/463/454 466/504/454 467/506/454
f 443/466/455 442/464/455 480/505/455 481/470/455
f 430/429/456 429/465/456 467/506/456 468/472/456
f 481/470/457 480/505/457 518/507/457 519/508/457
f 468/472/458 467/506/458 505/509/458 506/510/458
f 455/469/459 454/468/459 492/511/459 493/512/459
f 482/471/460 481/470/460 519/508/460 520/513/460
f 469/473/461 468/472/461 506/510/461 507/514/461
f 456/474/462 455/469/462 493/512/462 494/515/462
f 483/475/463 482/471/463 520/513/463 521/516/463
f 470/476/464 469/473/464 507/514/464 508/517/464
f 457/477/465 456/474/465 494/515/465 495/518/465
f 484/478/466 483/475/466 521/516/466 522/519/466
f 471/479/467 470/476/467 508/517/467 509/520/467
f 458/480/468 457/477/468 495/518/468 496/521/468
f 485/481/469 484/478/469 522/519/469 523/522/469
f 472/482/470 471/479/470 509/520/470 510/523/470
f 459/483/471 458/480/471 496/521/471 497/524/471
f 486/484/472 485/481/472 523/522/472 524/525/472
f 473/485/473 472/482/473 510/523/473 511/526/473
f 460/486/474 459/483/474 497/524/474 498/527/474
f 487/487/475 486/484/475 524/525/475 525/528/475
f 474/488/476 473/485/476 511/526/476 512/529/476
f 461/489/477 460/486/477 498/527/477 499/530/477
f 488/490/478 487/487/478 525/528/478 526/531/478
f 475/491/479 474/488/479 512/529/479 513/532/479
f 462/492/480 461/489/480 499/530/480 500/533/480
f 489/493/481 488/490/481 526/531/481 527/534/481
f 476/494/482 475/491/482 513/532/482 514/535/482
f 463/495/483 462/492/483 500/533/483 501/536/483
f 490/496/484 489/493/484 527/534/484 528/537/484
f 477/497/485 476/494/485 514/535/485 515/538/485
f 464/498/486 463/495/486 501/536/486 502/539/486
f 491/499/487 490/496/487 528/537/487 529/540/487
f 478/500/488 477/497/488 515/538/488 516/541/488
f 465/501/489 464/498/489 502/539/489 503/542/489
f 606/543/490 491/499/490 529/540/490
f 479/503/491 478/500/491 516/541/491 517/544/491
f 466/504/492 465/501/492 503/542/492 504/545/492
f 480/505/493 479/503/493 517/544/493 518/507/493
f 467/506/494 466/504/494 504/545/494 505/509/494
f 505/509/495 504/545/495 542/546/495 543/547/495
f 519/508/496 518/507/496 556/548/496 557/549/496
f 506/510/497 505/509/497 543/547/497 544/550/497
f 493/512/498 492/511/498 530/551/498 531/552/498
f 520/513/499 519/508/499 557/549/499 558/553/499
f 507/514/500 506/510/500 544/550/500 545/554/500
f 494/515/501 493/512/501 531/552/501 532/555/501
f 521/516/502 520/513/502 558/553/502 559/556/502
f 508/517/503 507/514/503 545/554/503 546/557/503
f 495/518/504 494/515/504 532/555/504 533/558/504
f 522/519/505 521/516/505 559/556/505 560/559/505
f 509/520/506 508/517/506 546/557/506 547/560/506
f 496/521/507 495/518/507 533/558/507 534/561/507
f 523/522/508 522/519/508 560/559/508 561/562/508
f 510/523/509 509/520/509 547/560/509 548/563/509
f 497/524/510 496/521/510 534/561/510 535/564/510
f 524/525/511 523/522/511 561/562/511 562/565/511
f 511/526/512 510/523/512 548/563/512 549/566/512
f 498/527/513 497/524/513 535/564/513 536/567/513
f 525/528/514 524/525/514 562/565/514 563/568/514
f 512/529/515 511/526/515 549/566/515 550/569/515
f 499/530/516 498/527/516 536/567/516 537/570/516
f 526/531/517 525/528/517 563/568/517 564/571/517
f 513/532/518 512/529/518 550/569/518 551/572/518
f 500/533/519 499/530/519 537/570/519 538/573/519
f 527/534/520 526/531/520 564/571/520 565/574/520
f 514/535/521 513/532/521 551/572/521 552/575/521
f 501/536/522 500/533/522 538/573/522 539/576/522
f 528/537/523 527/534/523 565/574/523 566/577/523
f 515/538/524 514/535/524 552/575/524 553/578/524
f 502/539/525 501/536/525 539/576/525 540/579/525
f 529/540/526 528/537/526 566/577/526 567/580/526
f 516/541/527 515/538/527 553/578/527 554/581/527
f 503/542/528 502/539/528 540/579/528 541/582/528
f 606/583/529 529/540/529 567/580/529
f 517/544/530 516/541/530 554/581/530 555/584/530
f 504/545/531 503/542/531 541/582/531 542/546/531
f 518/507/532 517/544/532 555/584/532 556/548/532
f 556/548/533 555/584/533 593/585/533 594/586/533
f 543/547/534 542/546/534 580/587/534 581/588/534
f 557/549/535 556/548/535 594/586/535 595/589/535
f 544/550/536 543/547/536 581/588/536 582/590/536
f 531/552/537 530/551/537 568/591/537 569/592/537
f 558/553/538 557/549/538 595/589/538 596/593/538
f 545/554/539 544/550/539 582/590/539 583/594/539
f 532/555/540 531/552/540 569/592/540 570/595/540
f 559/556/541 558/553/541 596/593/541 597/596/541
f 546/557/542 545/554/542 583/594/542 584/597/542
f 533/558/543 532/555/543 570/595/543 571/598/543
f 560/559/544 559/556/544 597/596/544 598/599/544
f 547/560/545 546/557/545 584/597/545 585/600/545
f 534/561/546 533/558/546 571/598/546 572/601/546
f 561/562/547 560/559/547 598/599/547 599/602/547
f 548/563/548 547/560/548 585/600/548 586/603/548
f 535/564/549 534/561/549 572/601/549 573/604/549
f 562/565/550 561/562/550 599/602/550 600/605/550
f 549/566/551 548/563/551 586/603/551 587/606/551
f 536/567/552 535/564/552 573/604/552 574/607/552
f 563/568/553 562/565/553 600/605/553 601/608/553
f 550/569/554 549/566/554 587/606/554 588/609/554
f 537/570/555 536/567/555 574/607/555 575/610/555
f 564/571/556 563/568/556 601/608/556 602/611/556
f 551/572/557 550/569/557 588/609/557 589/612/557
f 538/573/558 537/570/558 575/610/558 576/613/558
f 565/574/559 564/571/559 602/611/559 603/614/559
f 552/575/560 551/572/560 589/612/560 590/615/560
f 539/576/561 538/573/561 576/613/561 577/616/561
f 566/577/562 565/574/562 603/614/562 604/617/562
f 553/578/563 552/575/563 590/615/563 591/618/563
f 540/579/564 539/576/564 577/616/564 578/619/564
f 567/580/565 566/577/565 604/617/565 605/620/565
f 554/581/566 553/578/566 591/618/566 592/621/566
f 541/582/567 540/579/567 578/619/567 579/622/567
f 606/623/568 567/580/568 605/620/568
f 555/584/569 554/581/569 592/621/569 593/585/569
f 542/546/570 541/582/570 579/622/570 580/587/570
f 580/587/571 579/622/571 618/624/571 619/625/571
f 594/586/572 593/585/572 632/626/572 633/627/572
f 581/588/573 580/587/573 619/625/573 620/628/573
f 595/589/574 594/586/574 633/627/574 634/629/574
f 582/590/575 581/588/575 620/628/575 621/630/575
f 569/592/576 568/591/576 607/631/576 608/632/576
f 596/593/577 595/589/577 634/629/577 635/633/577
f 583/594/578 582/590/578 621/630/578 622/634/578
f 570/595/579 569/592/579 608/632/579 609/635/579
f 597/596/580 596/593/580 635/633/580 636/636/580
f 584/597/581 583/594/581 622/634/581 623/637/581
f 571/598/582 570/595/582 609/635/582 610/638/582
f 598/599/583 597/596/583 636/636/583 637/639/583
f 585/600/584 584/597/584 623/637/584 624/640/584
f 572/601/585 571/598/585 610/638/585 611/641/585
f 599/602/586 598/599/586 637/639/586 638/642/586
f 586/603/587 585/600/587 624/640/587 625/643/587
f 573/604/588 572/601/588 611/641/588 612/644/588
f 600/605/589 599/602/589 638/642/589 639/645/589
f 587/606/590 586/603/590 625/643/590 626/646/590
f 574/607/591 573/604/591 612/644/591 613/647/591
f 601/608/592 600/605/592 639/645/592 640/648/592
f 588/609/593 587/606/593 626/646/593 627/649/593
f 575/610/594 574/607/594 613/647/594 614/650/594
f 602/611/595 601/608/595 640/648/595 641/651/595
f 589/612/596 588/609/596 627/649/596 628/652/596
f 576/613/597 575/610/597 614/650/597 615/653/597
f 603/614/598 602/611/598 641/651/598 642/654/598
f 590/615/599 589/612/599 628/652/599 629/655/599
f 577/616/600 576/613/600 615/653/600 616/656/600
f 604/617/601 603/614/601 642/654/601 643/657/601
f 591/618/602 590/615/602 629/655/602 630/658/602
f 578/619/603 577/616/603 616/656/603 617/659/603
f 605/620/604 604/617/604 643/657/604 644/660/604
f 592/621/605 591/618/605 630/658/605 631/661/605
f 579/622/606 578/619/606 617/659/606 618/624/606
f 606/662/607 605/620/607 644/660/607
f 593/585/608 592/621/608 631/661/608 632/626/608
f 606/663/609 644/660/609 682/664/609
f 632/626/610 631/661/610 669/665/610 670/666/610
f 619/625/611 618/624/611 656/667/611 657/668/611
f 633/627/612 632/626/612 670/666/612 671/669/612
f 620/628/613 619/625/613 657/668/613 658/670/613
f 634/629/614 633/627/614 671/669/614 672/671/614
f 621/630/615 620/628/615 658/670/615 659/672/615
f 608/632/616 607/631/616 645/673/616 646/674/616
f 635/633/617 634/629/617 672/671/617 673/675/617
f 622/634/618 621/630/618 659/672/618 660/676/618
f 609/635/619 608/632/619 646/674/619 647/677/619
f 636/636/620 635/633/620 673/675/620 674/678/620
f 623/637/621 622/634/621 660/676/621 661/679/621
f 610/638/622 609/635/622 647/677/622 648/680/622
f 637/639/623 636/636/623 674/678/623 675/681/623
f 624/640/624 623/637/624 661/679/624 662/682/624
f 611/641/625 610/638/625 648/680/625 649/683/625
f 638/642/626 637/639/626 675/681/626 676/684/626
f 625/643/627 624/640/627 662/682/627 663/685/627
f 612/644/628 611/641/628 649/683/628 650/686/628
f 639/645/629 638/642/629 676/684/629 677/687/629
f 626/646/630 625/643/630 663/685/630 664/688/630
f 613/647/631 612/644/631 650/686/631 651/689/631
f 640/648/632 639/645/632 677/687/632 678/690/632
f 627/649/633 626/646/633 664/688/633 665/691/633
f 614/650/634 613/647/634 651/689/634 652/692/634
f 641/651/635 640/648/635 678/690/635 679/693/635
f 628/652/636 627/649/636 665/691/636 666/694/636
f 615/653/637 614/650/637 652/692/637 653/695/637
f 642/654/638 641/651/638 679/693/638 680/696/638
f 629/655/639 628/652/639 666/694/639 667/697/639
f 616/656/640 615/653/640 653/695/640 654/698/640
f 643/657/641 642/654/641 680/696/641 681/699/641
f 630/658/642 629/655/642 667/697/642 668/700/642
f 617/659/643 616/656/643 654/698/643 655/701/643
f 644/660/644 643/657/644 681/699/644 682/664/644
f 631/661/645 630/658/645 668/700/645 669/665/645
f 618/624/646 617/659/646 655/701/646 656/667/646
f 669/665/647 668/700/647 706/702/647 707/703/647
f 656/667/648 655/701/648 693/704/648 694/705/648
f 606/706/649 682/664/649 720/707/649
f 670/666/650 669/665/650 707/703/650 708/708/650
f 657/668/651 656/667/651 694/705/651 695/709/651
f 671/669/652 670/666/652 708/708/652 709/710/652
f 658/670/653 657/668/653 695/709/653 696/711/653
f 672/671/654 671/669/654 709/710/654 710/712/654
f 659/672/655 658/670/655 696/711/655 697/713/655
f 646/674/656 645/673/656 683/714/656 684/715/656
f 673/675/657 672/671/657 710/712/657 711/716/657
f 660/676/658 659/672/658 697/713/658 698/717/658
f 647/677/659 646/674/659 684/715/659 685/718/659
f 674/678/660 673/675/660 711/716/660 712/719/660
f 661/679/661 660/676/661 698/717/661 699/720/661
f 648/680/662 647/677/662 685/718/662 686/721/662
f 675/681/663 674/678/663 712/719/663 713/722/663
f 662/682/664 661/679/664 699/720/664 700/723/664
f 649/683/665 648/680/665 686/721/665 687/724/665
f 676/684/666 675/681/666 713/722/666 714/725/666
f 663/685/667 662/682/667 700/723/667 701/726/667
f 650/686/668 649/683/668 687/724/668 688/727/668
f 677/687/669 676/684/669 714/725/669 715/728/669
f 664/688/670 663/685/670 701/726/670 702/729/670
f 651/689/671 650/686/671 688/727/671 689/730/671
f 678/690/672 677/687/672 715/728/672 716/731/672
f 665/691/673 664/688/673 702/729/673 703/732/673
f 652/692/674 651/689/674 689/730/674 690/733/674
f 679/693/675 678/690/675 716/731/675 717/734/675
f 666/694/676 665/691/676 703/732/676 704/735/676
f 653/695/677 652/692/677 690/733/677 691/736/677
f 680/696/678 679/693/678 717/734/678 718/737/678
f 667/697/679 666/694/679 704/735/679 705/738/679
f 654/698/680 653/695/680 691/736/680 692/739/680
f 681/699/681 680/696/681 718/737/681 719/740/681
f 668/700/682 667/697/682 705/738/682 706/702/682
f 655/701/683 654/698/683 692/739/683 693/704/683
f 682/664/684 681/699/684 719/740/684 720/707/684
f 693/704/685 692/739/685 730/741/685 731/742/685
f 720/707/686 719/740/686 757/743/686 758/744/686
f 707/703/687 706/702/687 744/745/687 745/746/687
f 694/705/688 693/704/688 731/742/688 732/747/688
f 606/748/689 720/707/689 758/744/689
f 708/708/690 707/703/690 745/746/690 746/749/690
f 695/709/691 694/705/691 732/747/691 733/750/691
f 709/710/692 708/708/692 746/749/692 747/751/692
f 696/711/693 695/709/693 733/750/693 734/752/693
f 710/712/694 709/710/694 747/751/694 748/753/694
f 697/713/695 696/711/695 734/752/695 735/754/695
f 684/715/696 683/714/696 721/755/696 722/756/696
f 711/716/697 710/712/697 748/753/697 749/757/697
f 698/717/698 697/713/698 735/754/698 736/758/698
f 685/718/699 684/715/699 722/756/699 723/759/699
f 712/719/700 711/716/700 749/757/700 750/760/700
f 699/720/701 698/717/701 736/758/701 737/761/701
f 686/721/702 685/718/702 723/759/702 724/762/702
f 713/722/703 712/719/703 750/760/703 751/763/703
f 700/723/704 699/720/704 737/761/704 738/764/704
f 687/724/705 686/721/705 724/762/705 725/765/705
f 714/725/706 713/722/706 751/763/706 752/766/706
f 701/726/707 700/723/707 738/764/707 739/767/707
f 688/727/708 687/724/708 725/765/708 726/768/708
f 715/728/709 714/725/709 752/766/709 753/769/709
f 702/729/710 701/726/710 739/767/710 740/770/710
f 689/730/711 688/727/711 726/768/711 727/771/711
f 716/731/712 715/728/712 753/769/712 754/772/712
f 703/732/713 702/729/713 740/770/713 741/773/713
f 690/733/714 689/730/714 727/771/714 728/774/714
f 717/734/715 716/731/715 754/772/715 755/775/715
f 704/735/716 703/732/716 741/773/716 742/776/716
f 691/736/717 690/733/717 728/774/717 729/777/717
f 718/737/718 717/734/718 755/775/718 756/778/718
f 705/738/719 704/735/719 742/776/719 743/779/719
f 692/739/720 691/736/720 729/777/720 730/741/720
f 719/740/721 718/737/721 756/778/721 757/743/721
f 706/702/722 705/738/722 743/779/722 744/745/722
f 744/745/723 743/779/723 781/780/723 782/781/723
f 731/742/724 730/741/724 768/782/724 769/783/724
f 758/744/725 757/743/725 795/784/725 796/785/725
f 745/746/726 744/745/726 782/781/726 783/786/726
f 732/747/727 731/742/727 769/783/727 770/787/727
f 606/788/728 758/744/728 796/785/728
f 746/749/729 745/746/729 783/786/729 784/789/729
f 733/750/730 732/747/730 770/787/730 771/790/730
f 747/751/731 746/749/731 784/789/731 785/791/731
f 734/752/732 733/750/732 771/790/732 772/792/732
f 748/753/733 747/751/733 785/791/733 786/793/733
f 735/754/734 734/752/734 772/792/734 773/794/734
f 722/756/735 721/755/735 759/795/735 760/796/735
f 749/757/736 748/753/736 786/793/736 787/797/736
f 736/758/737 735/754/737 773/794/737 774/798/737
f 723/759/738 722/756/738 760/796/738 761/799/738
f 750/760/739 749/757/739 787/797/739 788/800/739
f 737/761/740 736/758/740 774/798/740 775/801/740
f 724/762/741 723/759/741 761/799/741 762/802/741
f 751/763/742 750/760/742 788/800/742 789/803/742
f 738/764/743 737/761/743 775/801/743 776/804/743
f 725/765/744 724/762/744 762/802/744 763/805/744
f 752/766/745 751/763/745 789/803/745 790/806/745
f 739/767/746 738/764/746 776/804/746 777/807/746
f 726/768/747 725/765/747 763/805/747 764/808/747
f 753/769/748 752/766/748 790/806/748 791/809/748
f 740/770/749 739/767/749 777/807/749 778/810/749
f 727/771/750 726/768/750 764/808/750 765/811/750
f 754/772/751 753/769/751 791/809/751 792/812/751
f 741/773/752 740/770/752 778/810/752 779/813/752
f 728/774/753 727/771/753 765/811/753 766/814/753
f 755/775/754 754/772/754 792/812/754 793/815/754
f 742/776/755 741/773/755 779/813/755 780/816/755
f 729/777/756 728/774/756 766/814/756 767/817/756
f 756/778/757 755/775/757 793/815/757 794/818/757
f 743/779/758 742/776/758 780/816/758 781/780/758
f 730/741/759 729/777/759 767/817/759 768/782/759
f 757/743/760 756/778/760 794/818/760 795/784/760
f 768/782/761 767/817/761 805/819/761 806/820/761
f 795/784/762 794/818/762 832/821/762 833/822/762
f 782/781/763 781/780/763 819/823/763 820/824/763
f 769/783/764 768/782/764 806/820/764 807/825/764
f 796/785/765 795/784/765 833/822/765 834/826/765
f 783/786/766 782/781/766 820/824/766 821/827/766
f 770/787/767 769/783/767 807/825/767 808/828/767
f 606/829/768 796/785/768 834/826/768
f 784/789/769 783/786/769 821/827/769 822/830/769
f 771/790/770 770/787/770 808/828/770 809/831/770
f 785/791/771 784/789/771 822/830/771 823/832/771
f 772/792/772 771/790/772 809/831/772 810/833/772
f 786/793/773 785/791/773 823/832/773 824/834/773
f 773/794/774 772/792/774 810/833/774 811/835/774
f 760/796/775 759/795/775 797/836/775 798/837/775
f 787/797/776 786/793/776 824/834/776 825/838/776
f 774/798/777 773/794/777 811/835/777 812/839/777
f 761/799/778 760/796/778 798/837/778 799/840/778
f 788/800/779 787/797/779 825/838/779 826/841/779
f 775/801/780 774/798/780 812/839/780 813/842/780
f 762/802/781 761/799/781 799/840/781 800/843/781
f 789/803/782 788/800/782 826/841/782 827/844/782
f 776/804/783 775/801/783 813/842/783 814/845/783
f 763/805/784 762/802/784 800/843/784 801/846/784
f 790/806/785 789/803/785 827/844/785 828/847/785
f 777/807/786 776/804/786 814/845/786 815/848/786
f 764/808/787 763/805/787 801/846/787 802/849/787
f 791/809/788 790/806/788 828/847/788 829/850/788
f 778/810/789 777/807/789 815/848/789 816/851/789
f 765/811/790 764/808/790 802/849/790 803/852/790
f 792/812/791 791/809/791 829/850/791 830/853/791
f 779/813/792 778/810/792 816/851/792 817/854/792
f 766/814/793 765/811/793 803/852/793 804/855/793
f 793/815/794 792/812/794 830/853/794 831/856/794
f 780/816/795 779/813/795 817/854/795 818/857/795
f 767/817/796 766/814/796 804/855/796 805/819/796
f 794/818/797 793/815/797 831/856/797 832/821/797
f 781/780/798 780/816/798 818/857/798 819/823/798
f 804/855/799 803/852/799 841/858/799 842/859/799
f 831/856/800 830/853/800 868/860/800 869/861/800
f 818/857/801 817/854/801 855/862/801 856/863/801
f 805/819/802 804/855/802 842/859/802 843/864/802
f 832/821/803 831/856/803 869/861/803 870/865/803
f 819/823/804 818/857/804 856/863/804 857/866/804
f 806/820/805 805/819/805 843/864/805 844/867/805
f 833/822/806 832/821/806 870/865/806 871/868/806
f 820/824/807 819/823/807 857/866/807 858/869/807
f 807/825/808 806/820/808 844/867/808 845/870/808
f 834/826/809 833/822/809 871/868/809 872/871/809
f 821/827/810 820/824/810 858/869/810 859/872/810
f 808/828/811 807/825/811 845/870/811 846/873/811
f 606/874/812 834/826/812 872/871/812
f 822/830/813 821/827/813 859/872/813 860/875/813
f 809/831/814 808/828/814 846/873/814 847/876/814
f 823/832/815 822/830/815 860/875/815 861/877/815
f 810/833/816 809/831/816 847/876/816 848/878/816
f 824/834/817 823/832/817 861/877/817 862/879/817
f 811/835/818 810/833/818 848/878/818 849/880/818
f 798/837/819 797/836/819 835/881/819 836/882/819
f 825/838/820 824/834/820 862/879/820 863/883/820
f 812/839/821 811/835/821 849/880/821 850/884/821
f 799/840/822 798/837/822 836/882/822 837/885/822
f 826/841/823 825/838/823 863/883/823 864/886/823
f 813/842/824 812/839/824 850/884/824 851/887/824
f 800/843/825 799/840/825 837/885/825 838/888/825
f 827/844/826 826/841/826 864/886/826 865/889/826
f 814/845/827 813/842/827 851/887/827 852/890/827
f 801/846/828 800/843/828 838/888/828 839/891/828
f 828/847/829 827/844/829 865/889/829 866/892/829
f 815/848/830 814/845/830 852/890/830 853/893/830
f 802/849/831 801/846/831 839/891/831 840/894/831
f 829/850/832 828/847/832 866/892/832 867/895/832
f 816/851/833 815/848/833 853/893/833 854/896/833
f 803/852/834 802/849/834 840/894/834 841/858/834
f 830/853/835 829/850/835 867/895/835 868/860/835
f 817/854/836 816/851/836 854/896/836 855/862/836
f 868/860/837 867/895/837 905/897/837 906/898/837
f 855/862/838 854/896/838 892/899/838 893/900/838
f 842/859/839 841/858/839 879/901/839 880/902/839
f 869/861/840 868/860/840 906/898/840 907/903/840
f 856/863/841 855/862/841 893/900/841 894/904/841
f 843/864/842 842/859/842 880/902/842 881/905/842
f 870/865/843 869/861/843 907/903/843 908/906/843
f 857/866/844 856/863/844 894/904/844 895/907/844
f 844/867/845 843/864/845 881/905/845 882/908/845
f 871/868/846 870/865/846 908/906/846 909/909/846
f 858/869/847 857/866/847 895/907/847 896/910/847
f 845/870/848 844/867/848 882/908/848 883/911/848
f 872/871/849 871/868/849 909/909/849 910/912/849
f 859/872/850 858/869/850 896/910/850 897/913/850
f 846/873/851 845/870/851 883/911/851 884/914/851
f 606/915/852 872/871/852 910/912/852
f 860/875/853 859/872/853 897/913/853 898/916/853
f 847/876/854 846/873/854 884/914/854 885/917/854
f 861/877/855 860/875/855 898/916/855 899/918/855
f 848/878/856 847/876/856 885/917/856 886/919/856
f 862/879/857 861/877/857 899/918/857 900/920/857
f 849/880/858 848/878/858 886/919/858 887/921/858
f 836/882/859 835/881/859 873/922/859 874/923/859
f 863/883/860 862/879/860 900/920/860 901/924/860
f 850/884/861 849/880/861 887/921/861 888/925/861
f 837/885/862 836/882/862 874/923/862 875/926/862
f 864/886/863 863/883/863 901/924/863 902/927/863
f 851/887/864 850/884/864 888/925/864 889/928/864
f 838/888/865 837/885/865 875/926/865 876/929/865
f 865/889/866 864/886/866 902/927/866 903/930/866
f 852/890/867 851/887/867 889/928/867 890/931/867
f 839/891/868 838/888/868 876/929/868 877/932/868
f 866/892/869 865/889/869 903/930/869 904/933/869
f 853/893/870 852/890/870 890/931/870 891/934/870
f 840/894/871 839/891/871 877/932/871 878/935/871
f 867/895/872 866/892/872 904/933/872 905/897/872
f 854/896/873 853/893/873 891/934/873 892/899/873
f 841/858/874 840/894/874 878/935/874 879/901/874
f 892/899/875 891/934/875 929/936/875 930/937/875
f 879/901/876 878/935/876 916/938/876 917/939/876
f 906/898/877 905/897/877 943/940/877 944/941/877
f 893/900/878 892/899/878 930/937/878 931/942/878
f 880/902/879 879/901/879 917/939/879 918/943/879
f 907/903/880 906/898/880 944/941/880 945/944/880
f 894/904/881 893/900/881 931/942/881 932/945/881
f 881/905/882 880/902/882 918/943/882 919/946/882
f 908/906/883 907/903/883 945/944/883 946/947/883
f 895/907/884 894/904/884 932/945/884 933/948/884
f 882/908/885 881/905/885 919/946/885 920/949/885
f 909/909/886 908/906/886 946/947/886 947/950/886
f 896/910/887 895/907/887 933/948/887 934/951/887
f 883/911/888 882/908/888 920/949/888 921/952/888
f 910/912/889 909/909/889 947/950/889 948/953/889
f 897/913/890 896/910/890 934/951/890 935/954/890
f 884/914/891 883/911/891 921/952/891 922/955/891
f 606/956/892 910/912/892 948/953/892
f 898/916/893 897/913/893 935/954/893 936/957/893
f 885/917/894 884/914/894 922/955/894 923/958/894
f 899/918/895 898/916/895 936/957/895 937/959/895
f 886/919/896 885/917/896 923/958/896 924/960/896
f 900/920/897 899/918/897 937/959/897 938/961/897
f 887/921/898 886/919/898 924/960/898 925/962/898
f 874/923/899 873/922/899 911/963/899 912/964/899
f 901/924/900 900/920/900 938/961/900 939/965/900
f 888/925/901 887/921/901 925/962/901 926/966/901
f 875/926/902 874/923/902 912/964/902 913/967/902
f 902/927/903 901/924/903 939/965/903 940/968/903
f 889/928/904 888/925/904 926/966/904 927/969/904
f 876/929/905 875/926/905 913/967/905 914/970/905
f 903/930/906 902/927/906 940/968/906 941/971/906
f 890/931/907 889/928/907 927/969/907 928/972/907
f 877/932/908 876/929/908 914/970/908 915/973/908
f 904/933/909 903/930/909 941/971/909 942/974/909
f 891/934/910 890/931/910 928/972/910 929/936/910
f 878/935/911 877/932/911 915/973/911 916/938/911
f 905/897/912 904/933/912 942/974/912 943/940/912
f 916/975/913 915/976/913 953/977/913 954/978/913
f 943/979/914 942/980/914 980/981/914 981/982/914
f 930/983/915 929/984/915 967/985/915 968/986/915
f 917/987/916 916/975/916 954/978/916 955/988/916
f 944/989/917 943/979/917 981/982/917 982/990/917
f 931/991/918 930/983/918 968/986/918 969/992/918
f 918/993/919 917/987/919 955/988/919 956/994/919
f 945/995/920 944/989/920 982/990/920 983/996/920
f 932/997/921 931/991/921 969/992/921 970/998/921
f 919/999/922 918/993/922 956/994/922 957/1000/922
f 946/1001/923 945/995/923 983/996/923 984/1002/923
f 933/1003/924 932/997/924 970/998/924 971/1004/924
f 920/1005/925 919/999/925 957/1000/925 958/1006/925
f 947/1007/926 946/1001/926 984/1002/926 985/1008/926
f 934/1009/927 933/1003/927 971/1004/927 972/1010/927
f 921/1011/928 920/1005/928 958/1006/928 959/1012/928
f 948/1013/929 947/1007/929 985/1008/929 986/1014/929
f 935/1015/930 934/1009/930 972/1010/930 973/1016/930
f 922/1017/931 921/1011/931 959/1012/931 960/1018/931
f 606/1019/932 948/1013/932 986/1014/932
f 936/1020/933 935/1015/933 973/1016/933 974/1021/933
f 923/1022/934 922/1017/934 960/1018/934 961/1023/934
f 937/1024/935 936/1020/935 974/1021/935 975/1025/935
f 924/1026/936 923/1022/936 961/1023/936 962/1027/936
f 938/1028/937 937/1024/937 975/1025/937 976/1029/937
f 925/1030/938 924/1026/938 962/1027/938 963/1031/938
f 912/1032/939 911/1033/939 949/1034/939 950/1035/939
f 939/1036/940 938/1028/940 976/1029/940 977/1037/940
f 926/1038/941 925/1030/941 963/1031/941 964/1039/941
f 913/1040/942 912/1032/942 950/1035/942 951/1041/942
f 940/1042/943 939/1036/943 977/1037/943 978/1043/943
f 927/1044/944 926/1038/944 964/1039/944 965/1045/944
f 914/1046/945 913/1040/945 951/1041/945 952/1047/945
f 941/1048/946 940/1042/946 978/1043/946 979/1049/946
f 928/1050/947 927/1044/947 965/1045/947 966/1051/947
f 915/976/948 914/1046/948 952/1047/948 953/977/948
f 942/980/949 941/1048/949 979/1049/949 980/981/949
f 929/984/950 928/1050/950 966/1051/950 967/985/950
f 967/985/951 966/1051/951 1004/1052/951 1005/1053/951
f 954/978/952 953/977/952 991/1054/952 992/1055/952
f 981/982/953 980/981/953 1018/1056/953 1019/1057/953
f 968/986/954 967/985/954 1005/1053/954 1006/1058/954
f 955/988/955 954/978/955 992/1055/955 993/1059/955
f 982/990/956 981/982/956 1019/1057/956 1020/1060/956
f 969/992/957 968/986/957 1006/1058/957 1007/1061/957
f 956/994/958 955/988/958 993/1059/958 994/1062/958
f 983/996/959 982/990/959 1020/1060/959 1021/1063/959
f 970/998/960 969/992/960 1007/1061/960 1008/1064/960
f 957/1000/961 956/994/961 994/1062/961 995/1065/961
f 984/1002/962 983/996/962 1021/1063/962 1022/1066/962
f 971/1004/963 970/998/963 1008/1064/963 1009/1067/963
f 958/1006/964 957/1000/964 995/1065/964 996/1068/964
f 985/1008/965 984/1002/965 1022/1066/965 1023/1069/965
f 972/1010/966 971/1004/966 1009/1067/966 1010/1070/966
f 959/1012/967 958/1006/967 996/1068/967 997/1071/967
f 986/1014/968 985/1008/968 1023/1069/968 1024/1072/968
f 973/1016/969 972/1010/969 1010/1070/969 1011/1073/969
f 960/1018/970 959/1012/970 997/1071/970 998/1074/970
f 606/1075/971 986/1014/971 1024/1072/971
f 974/1021/972 973/1016/972 1011/1073/972 1012/1076/972
f 961/1023/973 960/1018/973 998/1074/973 999/1077/973
f 975/1025/974 974/1021/974 1012/1076/974 1013/1078/974
f 962/1027/975 961/1023/975 999/1077/975 1000/1079/975
f 976/1029/976 975/1025/976 1013/1078/976 1014/1080/976
f 963/1031/977 962/1027/977 1000/1079/977 1001/1081/977
f 950/1035/978 949/1034/978 987/1082/978 988/1083/978
f 977/1037/979 976/1029/979 1014/1080/979 1015/1084/979
f 964/1039/980 963/1031/980 1001/1081/980 1002/1085/980
f 951/1041/981 950/1035/981 988/1083/981 989/1086/981
f 978/1043/982 977/1037/982 1015/1084/982 1016/1087/982
f 965/1045/983 964/1039/983 1002/1085/983 1003/1088/983
f 952/1047/984 951/1041/984 989/1086/984 990/1089/984
f 979/1049/985 978/1043/985 1016/1087/985 1017/1090/985
f 966/1051/986 965/1045/986 1003/1088/986 1004/1052/986
f 953/977/987 952/1047/987 990/1089/987 991/1054/987
f 980/981/988 979/1049/988 1017/1090/988 1018/1056/988
f 991/1054/989 990/1089/989 1028/1091/989 1029/1092/989
f 1018/1056/990 1017/1090/990 1055/1093/990 1056/1094/990
f 1005/1053/991 1004/1052/991 1042/1095/991 1043/1096/991
f 992/1055/992 991/1054/992 1029/1092/992 1030/1097/992
f 1019/1057/993 1018/1056/993 1056/1094/993 1057/1098/993
f 1006/1058/994 1005/1053/994 1043/1096/994 1044/1099/994
f 993/1059/995 992/1055/995 1030/1097/995 1031/1100/995
f 1020/1060/996 1019/1057/996 1057/1098/996 1058/1101/996
f 1007/1061/997 1006/1058/997 1044/1099/997 1045/1102/997
f 994/1062/998 993/1059/998 1031/1100/998 1032/1103/998
f 1021/1063/999 1020/1060/999 1058/1101/999 1059/1104/999
f 1008/1064/1000 1007/1061/1000 1045/1102/1000 1046/1105/1000
f 995/1065/1001 994/1062/1001 1032/1103/1001 1033/1106/1001
f 1022/1066/1002 1021/1063/1002 1059/1104/1002 1060/1107/1002
f 1009/1067/1003 1008/1064/1003 1046/1105/1003 1047/1108/1003
f 996/1068/1004 995/1065/1004 1033/1106/1004 1034/1109/1004
f 1023/1069/1005 1022/1066/1005 1060/1107/1005 1061/1110/1005
f 1010/1070/1006 1009/1067/1006 1047/1108/1006 1048/1111/1006
f 997/1071/1007 996/1068/1007 1034/1109/1007 1035/1112/1007
f 1024/1072/1008 1023/1069/1008 1061/1110/1008 1062/1113/1008
f 1011/1073/1009 1010/1070/1009 1048/1111/1009 1049/1114/1009
f 998/1074/1010 997/1071/1010 1035/1112/1010 1036/1115/1010
f 606/1116/1011 1024/1072/1011 1062/1113/1011
f 1012/1076/1012 1011/1073/1012 1049/1114/1012 1050/1117/1012
f 999/1077/1013 998/1074/1013 1036/1115/1013 1037/1118/1013
f 1013/1078/1014 1012/1076/1014 1050/1117/1014 1051/1119/1014
f 1000/1079/1015 999/1077/1015 1037/1118/1015 1038/1120/1015
f 1014/1080/1016 1013/1078/1016 1051/1119/1016 1052/1121/1016
f 1001/1081/1017 1000/1079/1017 1038/1120/1017 1039/1122/1017
f 988/1083/1018 987/1082/1018 1025/1123/1018 1026/1124/1018
f 1015/1084/1019 1014/1080/1019 1052/1121/1019 1053/1125/1019
f 1002/1085/1020 1001/1081/1020 1039/1122/1020 1040/1126/1020
f 989/1086/1021 988/1083/1021 1026/1124/1021 1027/1127/1021
f 1016/1087/1022 1015/1084/1022 1053/1125/1022 1054/1128/1022
f 1003/1088/1023 1002/1085/1023 1040/1126/1023 1041/1129/1023
f 990/1089/1024 989/1086/1024 1027/1127/1024 1028/1091/1024
f 1017/1090/1025 1016/1087/1025 1054/1128/1025 1055/1093/1025
f 1004/1052/1026 1003/1088/1026 1041/1129/1026 1042/1095/1026
f 1055/1093/1027 1054/1128/1027 1092/1130/1027 1093/1131/1027
f 1042/1095/1028 1041/1129/1028 1079/1132/1028 1080/1133/1028
f 1029/1092/1029 1028/1091/1029 1066/1134/1029 1067/1135/1029
f 1056/1094/1030 1055/1093/1030 1093/1131/1030 1094/1136/1030
f 1043/1096/1031 1042/1095/1031 1080/1133/1031 1081/1137/1031
f 1030/1097/1032 1029/1092/1032 1067/1135/1032 1068/1138/1032
f 1057/1098/1033 1056/1094/1033 1094/1136/1033 1095/1139/1033
f 1044/1099/1034 1043/1096/1034 1081/1137/1034 1082/1140/1034
f 1031/1100/1035 1030/1097/1035 1068/1138/1035 1069/1141/1035
f 1058/1101/1036 1057/1098/1036 1095/1139/1036 1096/1142/1036
f 1045/1102/1037 1044/1099/1037 1082/1140/1037 1083/1143/1037
f 1032/1103/1038 1031/1100/1038 1069/1141/1038 1070/1144/1038
f 1059/1104/1039 1058/1101/1039 1096/1142/1039 1097/1145/1039
f 1046/1105/1040 1045/1102/1040 1083/1143/1040 1084/1146/1040
f 1033/1106/1041 1032/1103/1041 1070/1144/1041 1071/1147/1041
f 1060/1107/1042 1059/1104/1042 1097/1145/1042 1098/1148/1042
f 1047/1108/1043 1046/1105/1043 1084/1146/1043 1085/1149/1043
f 1034/1109/1044 1033/1106/1044 1071/1147/1044 1072/1150/1044
f 1061/1110/1045 1060/1107/1045 1098/1148/1045 1099/1151/1045
f 1048/1111/1046 1047/1108/1046 1085/1149/1046 1086/1152/1046
f 1035/1112/1047 1034/1109/1047 1072/1150/1047 1073/1153/1047
f 1062/1113/1048 1061/1110/1048 1099/1151/1048 1100/1154/1048
f 1049/1114/1049 1048/1111/1049 1086/1152/1049 1087/1155/1049
f 1036/1115/1050 1035/1112/1050 1073/1153/1050 1074/1156/1050
f 606/1157/1051 1062/1113/1051 1100/1154/1051
f 1050/1117/1052 1049/1114/1052 1087/1155/1052 1088/1158/1052
f 1037/1118/1053 1036/1115/1053 1074/1156/1053 1075/1159/1053
f 1051/1119/1054 1050/1117/1054 1088/1158/1054 1089/1160/1054
f 1038/1120/1055 1037/1118/1055 1075/1159/1055 1076/1161/1055
f 1052/1121/1056 1051/1119/1056 1089/1160/1056 1090/1162/1056
f 1039/1122/1057 1038/1120/1057 1076/1161/1057 1077/1163/1057
f 1026/1124/1058 1025/1123/1058 1063/1164/1058 1064/1165/1058
f 1053/1125/1059 1052/1121/1059 1090/1162/1059 1091/1166/1059
f 1040/1126/1060 1039/1122/1060 1077/1163/1060 1078/1167/1060
f 1027/1127/1061 1026/1124/1061 1064/1165/1061 1065/1168/1061
f 1054/1128/1062 1053/1125/1062 1091/1166/1062 1092/1130/1062
f 1041/1129/1063 1040/1126/1063 1078/1167/1063 1079/1132/1063
f 1028/1091/1064 1027/1127/1064 1065/1168/1064 1066/1134/1064
f 1079/1132/1065 1078/1167/1065 1116/1169/1065 1117/1170/1065
f 1066/1134/1066 1065/1168/1066 1103/1171/1066 1104/1172/1066
f 1093/1131/1067 1092/1130/1067 1130/1173/1067 1131/1174/1067
f 1080/1133/1068 1079/1132/1068 1117/1170/1068 1118/1175/1068
f 1067/1135/1069 1066/1134/1069 1104/1172/1069 1105/1176/1069
f 1094/1136/1070 1093/1131/1070 1131/1174/1070 1132/1177/1070
f 1081/1137/1071 1080/1133/1071 1118/1175/1071 1119/1178/1071
f 1068/1138/1072 1067/1135/1072 1105/1176/1072 1106/1179/1072
f 1095/1139/1073 1094/1136/1073 1132/1177/1073 1133/1180/1073
f 1082/1140/1074 1081/1137/1074 1119/1178/1074 1120/1181/1074
f 1069/1141/1075 1068/1138/1075 1106/1179/1075 1107/1182/1075
f 1096/1142/1076 1095/1139/1076 1133/1180/1076 1134/1183/1076
f 1083/1143/1077 1082/1140/1077 1120/1181/1077 1121/1184/1077
f 1070/1144/1078 1069/1141/1078 1107/1182/1078 1108/1185/1078
f 1097/1145/1079 1096/1142/1079 1134/1183/1079 1135/1186/1079
f 1084/1146/1080 1083/1143/1080 1121/1184/1080 1122/1187/1080
f 1071/1147/1081 1070/1144/1081 1108/1185/1081 1109/1188/1081
f 1098/1148/1082 1097/1145/1082 1135/1186/1082 1136/1189/1082
f 1085/1149/1083 1084/1146/1083 1122/1187/1083 1123/1190/1083
f 1072/1150/1084 1071/1147/1084 1109/1188/1084 1110/1191/1084
f 1099/1151/1085 1098/1148/1085 1136/1189/1085 1137/1192/1085
f 1086/1152/1086 1085/1149/1086 1123/1190/1086 1124/1193/1086
f 1073/1153/1087 1072/1150/1087 1110/1191/1087 1111/1194/1087
f 1100/1154/1088 1099/1151/1088 1137/1192/1088 1138/1195/1088
f 1087/1155/1089 1086/1152/1089 1124/1193/1089 1125/1196/1089
f 1074/1156/1090 1073/1153/1090 1111/1194/1090 1112/1197/1090
f 606/1198/1091 1100/1154/1091 1138/1195/1091
f 1088/1158/1092 1087/1155/1092 1125/1196/1092 1126/1199/1092
f 1075/1159/1093 1074/1156/1093 1112/1197/1093 1113/1200/1093
f 1089/1160/1094 1088/1158/1094 1126/1199/1094 1127/1201/1094
f 1076/1161/1095 1075/1159/1095 1113/1200/1095 1114/1202/1095
f 1090/1162/1096 1089/1160/1096 1127/1201/1096 1128/1203/1096
f 1077/1163/1097 1076/1161/1097 1114/1202/1097 1115/1204/1097
f 1064/1165/1098 1063/1164/1098 1101/1205/1098 1102/1206/1098
f 1091/1166/1099 1090/1162/1099 1128/1203/1099 1129/1207/1099
f 1078/1167/1100 1077/1163/1100 1115/1204/1100 1116/1169/1100
f 1065/1168/1101 1064/1165/1101 1102/1206/1101 1103/1171/1101
f 1092/1130/1102 1091/1166/1102 1129/1207/1102 1130/1173/1102
f 1103/1171/1103 1102/1206/1103 1140/1208/1103 1141/1209/1103
f 1130/1173/1104 1129/1207/1104 1167/1210/1104 1168/1211/1104
f 1117/1170/1105 1116/1169/1105 1154/1212/1105 1155/1213/1105
f 1104/1172/1106 1103/1171/1106 1141/1209/1106 1142/1214/1106
f 1131/1174/1107 1130/1173/1107 1168/1211/1107 1169/1215/1107
f 1118/1175/1108 1117/1170/1108 1155/1213/1108 1156/1216/1108
f 1105/1176/1109 1104/1172/1109 1142/1214/1109 1143/1217/1109
f 1132/1177/1110 1131/1174/1110 1169/1215/1110 1170/1218/1110
f 1119/1178/1111 1118/1175/1111 1156/1216/1111 1157/1219/1111
f 1106/1179/1112 1105/1176/1112 1143/1217/1112 1144/1220/1112
f 1133/1180/1113 1132/1177/1113 1170/1218/1113 1171/1221/1113
f 1120/1181/1114 1119/1178/1114 1157/1219/1114 1158/1222/1114
f 1107/1182/1115 1106/1179/1115 1144/1220/1115 1145/1223/1115
f 1134/1183/1116 1133/1180/1116 1171/1221/1116 1172/1224/1116
f 1121/1184/1117 1120/1181/1117 1158/1222/1117 1159/1225/1117
f 1108/1185/1118 1107/1182/1118 1145/1223/1118 1146/1226/1118
f 1135/1186/1119 1134/1183/1119 1172/1224/1119 1173/1227/1119
f 1122/1187/1120 1121/1184/1120 1159/1225/1120 1160/1228/1120
f 1109/1188/1121 1108/1185/1121 1146/1226/1121 1147/1229/1121
f 1136/1189/1122 1135/1186/1122 1173/1227/1122 1174/1230/1122
f 1123/1190/1123 1122/1187/1123 1160/1228/1123 1161/1231/1123
f 1110/1191/1124 1109/1188/1124 1147/1229/1124 1148/1232/1124
f 1137/1192/1125 1136/1189/1125 1174/1230/1125 1175/1233/1125
f 1124/1193/1126 1123/1190/1126 1161/1231/1126 1162/1234/1126
f 1111/1194/1127 1110/1191/1127 1148/1232/1127 1149/1235/1127
f 1138/1195/1128 1137/1192/1128 1175/1233/1128 1176/1236/1128
f 1125/1196/1129 1124/1193/1129 1162/1234/1129 1163/1237/1129
f 1112/1197/1130 1111/1194/1130 1149/1235/1130 1150/1238/1130
f 606/1239/1131 1138/1195/1131 1176/1236/1131
f 1126/1199/1132 1125/1196/1132 1163/1237/1132 1164/1240/1132
f 1113/1200/1133 1112/1197/1133 1150/1238/1133 1151/1241/1133
f 1127/1201/1134 1126/1199/1134 1164/1240/1134 1165/1242/1134
f 1114/1202/1135 1113/1200/1135 1151/1241/1135 1152/1243/1135
f 1128/1203/1136 1127/1201/1136 1165/1242/1136 1166/1244/1136
f 1115/1204/1137 1114/1202/1137 1152/1243/1137 1153/1245/1137
f 1102/1206/1138 1101/1205/1138 1139/1246/1138 1140/1208/1138
f 1129/1207/1139 1128/1203/1139 1166/1244/1139 1167/1210/1139
f 1116/1169/1140 1115/1204/1140 1153/1245/1140 1154/1212/1140
f 1154/1212/1141 1153/1245/1141 1191/1247/1141 1192/1248/1141
f 1141/1209/1142 1140/1208/1142 1178/1249/1142 1179/1250/1142
f 1168/1211/1143 1167/1210/1143 1205/1251/1143 1206/1252/1143
f 1155/1213/1144 1154/1212/1144 1192/1248/1144 1193/1253/1144
f 1142/1214/1145 1141/1209/1145 1179/1250/1145 1180/1254/1145
f 1169/1215/1146 1168/1211/1146 1206/1252/1146 1207/1255/1146
f 1156/1216/1147 1155/1213/1147 1193/1253/1147 1194/1256/1147
f 1143/1217/1148 1142/1214/1148 1180/1254/1148 1181/1257/1148
f 1170/1218/1149 1169/1215/1149 1207/1255/1149 1208/1258/1149
f 1157/1219/1150 1156/1216/1150 1194/1256/1150 1195/1259/1150
f 1144/1220/1151 1143/1217/1151 1181/1257/1151 1182/1260/1151
f 1171/1221/1152 1170/1218/1152 1208/1258/1152 1209/1261/1152
f 1158/1222/1153 1157/1219/1153 1195/1259/1153 1196/1262/1153
f 1145/1223/1154 1144/1220/1154 1182/1260/1154 1183/1263/1154
f 1172/1224/1155 1171/1221/1155 1209/1261/1155 1210/1264/1155
f 1159/1225/1156 1158/1222/1156 1196/1262/1156 1197/1265/1156
f 1146/1226/1157 1145/1223/1157 1183/1263/1157 1184/1266/1157
f 1173/1227/1158 1172/1224/1158 1210/1264/1158 1211/1267/1158
f 1160/1228/1159 1159/1225/1159 1197/1265/1159 1198/1268/1159
f 1147/1229/1160 1146/1226/1160 1184/1266/1160 1185/1269/1160
f 1174/1230/1161 1173/1227/1161 1211/1267/1161 1212/1270/1161
f 1161/1231/1162 1160/1228/1162 1198/1268/1162 1199/1271/1162
f 1148/1232/1163 1147/1229/1163 1185/1269/1163 1186/1272/1163
f 1175/1233/1164 1174/1230/1164 1212/1270/1164 1213/1273/1164
f 1162/1234/1165 1161/1231/1165 1199/1271/1165 1200/1274/1165
f 1149/1235/1166 1148/1232/1166 1186/1272/1166 1187/1275/1166
f 1176/1236/1167 1175/1233/1167 1213/1273/1167 1214/1276/1167
f 1163/1237/1168 1162/1234/1168 1200/1274/1168 1201/1277/1168
f 1150/1238/1169 1149/1235/1169 1187/1275/1169 1188/1278/1169
f 606/1279/1170 1176/1236/1170 1214/1276/1170
f 1164/1240/1171 1163/1237/1171 1201/1277/1171 1202/1280/1171
f 1151/1241/1172 1150/1238/1172 1188/1278/1172 1189/1281/1172
f 1165/1242/1173 1164/1240/1173 1202/1280/1173 1203/1282/1173
f 1152/1243/1174 1151/1241/1174 1189/1281/1174 1190/1283/1174
f 1166/1244/1175 1165/1242/1175 1203/1282/1175 1204/1284/1175
f 1153/1245/1176 1152/1243/1176 1190/1283/1176 1191/1247/1176
f 1140/1208/1177 1139/1246/1177 1177/1285/1177 1178/1249/1177
f 1167/1210/1178 1166/1244/1178 1204/1284/1178 1205/1251/1178
f 1178/1249/1179 1177/1285/1179 1/49/1179 2/48/1179
f 1205/1251/1180 1204/1284/1180 27/44/1180 28/52/1180
f 1192/1248/1181 1191/1247/1181 15/46/1181 16/54/1181
f 1179/1250/1182 1178/1249/1182 2/48/1182 3/56/1182
f 1206/1252/1183 1205/1251/1183 28/52/1183 29/58/1183
f 1193/1253/1184 1192/1248/1184 16/54/1184 17/60/1184
f 1180/1254/1185 1179/1250/1185 3/56/1185 4/62/1185
f 1207/1255/1186 1206/1252/1186 29/58/1186 30/64/1186
f 1194/1256/1187 1193/1253/1187 17/60/1187 18/66/1187
f 1181/1257/1188 1180/1254/1188 4/62/1188 5/68/1188
f 1208/1258/1189 1207/1255/1189 30/64/1189 31/70/1189
f 1195/1259/1190 1194/1256/1190 18/66/1190 1215/72/1190
f 1182/1260/1191 1181/1257/1191 5/68/1191 6/74/1191
f 1209/1261/1192 1208/1258/1192 31/70/1192 32/76/1192
f 1196/1262/1193 1195/1259/1193 1215/72/1193 19/2/1193
f 1183/1263/1194 1182/1260/1194 6/74/1194 7/6/1194
f 1210/1264/1195 1209/1261/1195 32/76/1195 33/10/1195
f 1197/1265/1196 1196/1262/1196 19/2/1196 20/1/1196
f 1184/1266/1197 1183/1263/1197 7/6/1197 8/5/1197
f 1211/1267/1198 1210/1264/1198 33/10/1198 1216/9/1198
f 1198/1268/1199 1197/1265/1199 20/1/1199 21/13/1199
f 1185/1269/1200 1184/1266/1200 8/5/1200 9/15/1200
f 1212/1270/1201 1211/1267/1201 1216/9/1201 34/17/1201
f 1199/1271/1202 1198/1268/1202 21/13/1202 22/19/1202
f 1186/1272/1203 1185/1269/1203 9/15/1203 10/21/1203
f 1213/1273/1204 1212/1270/1204 34/17/1204 35/23/1204
f 1200/1274/1205 1199/1271/1205 22/19/1205 23/25/1205
f 1187/1275/1206 1186/1272/1206 10/21/1206 11/27/1206
f 1214/1276/1207 1213/1273/1207 35/23/1207 1217/29/1207
f 1201/1277/1208 1200/1274/1208 23/25/1208 24/31/1208
f 1188/1278/1209 1187/1275/1209 11/27/1209 12/33/1209
f 606/1286/1210 1214/1276/1210 1217/29/1210
f 1202/1280/1211 1201/1277/1211 24/31/1211 25/36/1211
f 1189/1281/1212 1188/1278/1212 12/33/1212 13/38/1212
f 1203/1282/1213 1202/1280/1213 25/36/1213 26/40/1213
f 1190/1283/1214 1189/1281/1214 13/38/1214 14/42/1214
f 1204/1284/1215 1203/1282/1215 26/40/1215 27/44/1215
f 1191/1247/1216 1190/1283/1216 14/42/1216 15/46/1216
